#year,Title,Director,Cast,Genre,level,
2015,Lokmanya Ek Yugpurush,Om Raut,"Subodh Bhave,Chinmay Mandlekar,Priya Bapat","Drama, Action",0,
2015,Classmates,Aditya Ajay Sarpotdar,"Ankush Choudhary,Sai Tamhankar, Sachit Patil, Sonalee Kulkarni,Siddharth Chandekar, Sushant Shelar, Suyash Tilak, Pallavi Patil","Romantic,comedy,suspense",2,
2015,Balkadu,Atul Kale,"Umesh Kamat, Neha Pendse","Fantasy,Drama",1,
2015,Ek Tara,Avdhoot Gupte,"Santosh Juvekar,Tejaswini Pandit","Music, Drama",2,
2015,Baji,Nikhil Mahajan,"Shreyas Talpade,Amruta Khanvilkar,Jitendra Joshi","Vigilante,Action,Thriller",2,
2015,Mitwaa,Swapna Waghmare Joshi,"Swapnil Joshi, Sonalee Kulkarni, Prarthana Behere","Romantic,Drama",2,
2015,Chitrafit - 3.0 Megapixel,Divakar Ghodake,"Ashish Pathode,Seema Azmi, Ravi Patwardhan, Gauri Shankar","Romance,Drama",1,
2015,Razzakar,Raj Durge,"Siddharth Jadhav,Jyoti Subhash","Drama, Action",1,
2015,Bugadi Maazi Sandli Ga,Manasingh Pawar,"Kashyap Parulekar,Manasi Moghe, Mohan Joshi, Deepashree Chapekar, Ramesh Bhatkar, Ila Bhate","Dance,Romance,Drama",0,
2015,Just Gammat,Milind Arun Kavade,"Sanjay Narvekar,Jitendra Joshi, Smita Gondkar, Aditi Sarangdhar, Atul Todankar, Deepak Shirke, Vijay Patkar",Comedy,0,
2015,Coffee: Ani Barach Kahi,Prakash Kunte,"Vaibbhav Tatwawdi, Prarthana Behere, Neha Mahajan,Suyash Tilak, Bhushan Pradhan","Romance,Drama",1,
2015,Prem At First Sight,Santosh Mainkar,"Sumaydh Gaikwad, Shweta Pagar, Suchet Gavai","Romance,Action",1,
2015,Kaay Raav Tumhi,Mrunalini Patil,"Hemant Dhome, Ravindra Mahajani, Satish Pulekar,Yatin Karyekar, Niyati Joshi",Comedy,1,
2015,Kaakan,Kranti Redkar,"Jitendra Joshi, Urmila Kanetkar","Romance,Drama",2,
2015,What About Savarkar?,"Rupesh Katare, Nitin Gawde","Sharad Ponkshe, Avinash Narkar, Atul Todankar, Shrikant Bhide, Sara Shravan","Drama,Action",1,
2015,Court,Chaitanya Tamhane,"Vivek Gomber, Geetanjali Kulkarni, Vira Sathidar, Pradeep Joshi, Usha Bane, Shirish Pawar","Drama,Satire",2,
2015,Te Don Diwas,Devendra Dodke,"Mohan Joshi, Alka Kubal, Arun Nalavade, Dr. Vilas Ujawane, Prasiddhi Ayalwar, Sanjeet Dhuri, Chinmay Deshkar",Drama,0,
2015,Aatli Batli Phutli,Amol Padave,"Smita Talwalkar, Sampada Jogalikar - Kulkarni, Sharayu, Aney, Jivan, Shreyali, Viraj, Aditya, Purva",Comedy,1,
2015,Mhais,Shekhar Nayeek,"Jitendra Joshi, Sanjay Mone",Comedy,0,
2015,Timepass 2,Ravi Jadhav,"Priya Bapat, Priyadarshan Jadhav, Prathamesh Parab,Ketaki Mategaonkar, Vaibhav Mangle, Bhau Kadam","Romance,Comedy",2,
2015,Runh,Vishal D Gaikwad,"Omkar Govardhan, Manoj Joshi, Narayani Shastri,Rajeshwari Sachdev, Anant Jog, Vijay Patkar, Vinay Apte, Jairaj Nayar","Drama,Romance",2,
2015,Yudh Astitvachi Ladai,Rajiv S Ruia,"Rajesh Shringarpure, Tejaswini Pandit, Kranti Redkar","Drama,Action,Thriller",0,
2015,Sasu Cha Swayamwar,Omkar Mane,"Pushkar Jog, Vishakha Subhedar, Teja Deokar, Vijay Chavan, Sunil Pal, Jaywant Wadkar, Satish Tare","Romance,Comedy",1,
2015,Aga Bai Arechyaa 2,Kedar Shinde,"Sonali Kulkarni, Bharat Jadhav, Prasad Oak, Madhav Deochake, Surabhi Hande","Romance,Comedy,Fantasy",0,
2015,Dabba Ais Pais,Manish Joshi,"Sadashiv Amrapurkar, Ganesh Yadav, Kashmira Kulkarni",Drama,1,
2015,Pashbandh,Anand Oroskar,Nandita Dhuri,Drama,2,
2015,Goa 350 KM,Amol Padave,"Yatin Karyekar, Sanjay Mone, Madhuri Desai, Gaurav Ghatnekar, Dhanashree","Horror,Suspense",1,
2015,Siddhant,Vivek Wagh,"Vikram Gokhale, Sarang Sathaye, Neha Mahajan",Drama,0,
2015,Prime Time,Promod Kashyap,"Kishore Pradhan, Milind Shintre, Sulekha Talwalkar,Krutika Deo, Nisha Parulekar, Vighnesh More, Anurag Worlikar, Gayatri Deshmukh",Comedy,1,
2015,A Paying Ghost,Sushrut Bhagwat,"Umesh Kamat, Spruha Joshi, Pushkar Shrotri, Sharvani Pillai, Anita Date, Atul Parchure","Comedy,Love story,Drama",0,
2015,Dhurandhar Bhatawdekar,Kshitij Zarapkar,"Mohan Joshi, Mohan Agashe, Kishori Shahane, Tanvi Hegde","Comedy,Drama",1,
2015,Guntha Mantri,Sachin Shinde,"Makrand Anajpure, Rutuza Patil, Chetan Dalvi, Kishori Ambiye, Baal Dhuri, Usha Naik, Anuja Ranade, Shanta Tambe",Drama,2,
2015,Sandook,Atul Kale,"Sumeet Raghavan, Bhargavi Chirmule, Sharad Ponkshe, Arun Nalawde, Rahul Mehendale, Ramesh Wani, Rahul Gore, Mangesh Satpute, Shantanu Gangane, Firdaus Mewawala","Drama,Action,Comedy",0,
2015,Sata Lota Pan Sagla Khota,Shrabani Deodhar,"Adinath Kothare, Siddharth Chandekar, Mrunmayee Deshpande, Pooja Sawant, Makarand Anaspure",Comedy,1,
2015,Atithi,Ashish Pujari,"Vijay Chavan, Milind Shinde, Sanjay Khapre, Sanjay Mohite, Kishor Nandlaskar","Thriller,Mystery",1,
2015,Tujhya Vin Mar Javaan,"Murali Nallappa,Ashok Karlekar","Vikas Patil, Prarthana Behere, Prateeksha Lonkar, Atul Parchure","Romance,Drama,Comedy",0,
2015,Nagrik,Jaypraad Desai,"Sachin Khedekar, Dr. Shriram Lagoo, Dilip Prabhavalkar, Milind Soman, Devika Daftardar, Rajesh Sharma, Neena Kulkarni, Rajkumar Tangde, Sambhaji Bhagat, Sulabha Deshpande, Madhav Abhyankar",Political drama,2,
2015,Sugar Salt Ani Prem,Sonali Bangera,"Sonali Kulkarni, Sameer Dharmadhikari, Ajinkya Dev,Shilpa Tulaskar, Prasad Oak, Kranti Redkar","Social,Drama",0,
2015,Time Bara Vait,Rahul Bhatankar,"Bhushan Pradhan, Hrishikesh Joshi, Satish Rajwade,Nidhi oza","Romcom,Action,Thriller",1,
2015,Wanted Bayko Number One,Raju Pareskar,"Makarand Anaspure, Sayaji Shinde, Tejaswini Lonari,Smita Gondkar, Maithili Warang, Sanjay Khapre, Manoj Takne","Comedy,Drama",2,
2015,2 Premi Premache,Kamal Thakur,"Swapnil Joshi, Girija Oak, Pritee Arora, Arun Bakshi, Anjana Mumta","Romance,Drama",1,
2015,Blackboard,Dinesh Deolekar,"Arun Nalawade, Madhavi Juvekar, Charles Gomes, Gauri Navalkar",Drama,0,
2015,Killa,Avinash Arun,"Parth Bhalerao, Archit Deodhar, Gaurish Gawade,Atharva Upasni, Amruta Subhash",Drama,1,
2015,Welcome Zindagi,Umesh Ghadge,"Swapnil Joshi, Amruta Khanvilkar, Mohan Agashe,Satish Alekar, Prashant Damle, Bharti Achrekar,Rajeshwari Sachdev, Vivek Lagoo, Pushkar Shrotri,Murli Sharma, Urmila Kanitkar, Jayant Wadkar","Dark Comedy,Romance",2,
2015,Dream Mall,Suraj Mulekar,"Siddharth Jadhav, Neha Joshi",Thriller,0,
2015,Shutter,V. K. Prakash,"Sachin Khedekar, Sonalee Kulkarni, Amey Wagh,Prakash Bare","Thriller,Drama",1,
2015,Online Binline,Kedar Gaekwad,"Siddharth Chandekar, Hemant Dhome, Rutuja Shinde","Romance,Comedy",0,
2015,Dhol Taashe,Ankur Kakatkar,"Jitendra Joshi, Abhijeet Khandkekar, Hrishitaa Bhatt,Pradeep Welankar, Ila Bhate, Vidaydhar joshi, Vijay Andalkar, Shekhar Phadke, Rajkumar Anjute, Vinay Apte",Drama,1,
2015,Murder Mestri,Rahul Jadhav,"Dilip Prabhavalkar, Hrishikesh Joshi, Vikas Kadam,Vandana Gupte, Kranti Redkar","Thriller,Comedy,Mystery",1,
2015,Bioscope,"Ravi Jadhav,Viju Mane,Girish Mohite,Gajendra Ahire","Veena Jamkar, Mrunmayee Godbole, kushal Badrike,Neena Kulkarni, Mangesh Desai",Drama,2,
2015,Carry On Maratha,Sanjay Londhe,"Gashmeer Mahajani, Kashmira Kulkarni","Action,Romance",1,
2015,Panhala,Nagesh Bhonsle,"Nagesh Bhosle, Sangram Salvi, Samidha Guru,Amruta Sant, Makrand Deshpande",Drama,1,
2015,Manaatlya Unhat,Paandurang K. Jadhav,"Kailash Waghmare, Mitalee jagtap, Kishor Kadam",Drama,2,
2015,Waghi,Sandeep Salgaonkar,"Shubhangi Bhujbal, Kavya Mungekar",Drama,0,
2015,Deool Band,"Pravin Tarde, Pranit Kulkarni","Gashmeer Mahajani, Girija Joshi, Mohan Agashe,Nivedita Saraf, Shweta Shinde, Satish Alekar, Kiran Yadnyopavit, Sharvari Jamenis, Sunil Abhyankar, Pravin Tarde, Snehal Tarde, Ramesh Pardeshi, Devendra Gaikwad, Deepak Karanjikar, Arya Ghare","Drama,Thriller",1,
2015,Janiva,Rajesh Ranshinge,"Satya Manjrekar, Vaibhavi Sandilya, Anuradha Mukharjee, Devdutt Dani, Sanket Agarwal, Kiran Karmarkar, Renuka Shahane, Atul Parchure, Indira Krishnan, Salil Ankola, Usha Nadkarni, Kishor Kadam",Drama,2,
2015,Olakh - My Identity,Jameel Khan,"Bhushan Patil,Khushboo Tawde, Alka Kubal, Arun Nalawade",Drama,0,
2015,Nilkanth Master,Gajendra Ahire,"Adinath Kothare, Pooja Sawant, Vikram Gokhale,Kishor Kadam, Neha Mahajan, Omkar Govardhan","Thriller,Action,Drama",1,
2015,Gurukul,Rommel Rodrigues,"Nagesh Bhosle, Vidyadhar Joshi, Asit Redij, Prashant Mohite, Pradeep Kuwar, Swapnil Joshi, Sonalee Shewale, Neha Khan, Reenna Limon",Social Drama,2,
2015,Shortcut,Harish Raut,"Vaibbhav Tatwawdi, Sanskruti Balgude, Rajesh Shringarpure, Naresh Bidkar","Crime,Thriller",2,
2015,Superb Plan,Jai Tari,"Trupti Bhoir, Satyanand Gaitonde, Girish Pardeshi, Rajendra Shisatkar, Nayna Muke, Vidya Sawale","Action,Drama,Thriller",2,
2015,Double Seat,Sameer Vidhwans,"Ankush Choudhary, Mukta Barve",Drama,1,
2015,Dhinchak Enterprise,Nishant Sapkale,"Bhushan Pradhan, Manava Naik","Comedy,Drama",0,
2015,Slambook,Ruturaj Dhalgade,"Ritika Shrotri,Shantanu Rangnekar","Romance,Drama",1,
2015,3.56 Killari,Deepak Bhagwat,"Sai Tamhankar, Jackie Shroff","Suspense Thriller,Drama",0,
2015,Nyayaam,Sunil Agresar,"Sunil Godbole,Prakash Dhotre,Kratik Chavan,Sima Kulkarni",Drama,1,
2015,Bhay,Rahul Bhatankar,"Satish Rajwade, Smitha Gondkar, Abhijeet Khandkekar, Vineet Sharma",Thriller,0,
2015,Dholki,"Raju Desai , Vishal Desai","Siddarth Jadhav, Manasi Naik, Kashmira Kulkarni,Sayaji Shinde, Jyoti Chandekar, Sanjay Kulkarni, Dr Vilas Ujawane, Vijay Nikam, Vandana","Drama,Comedy",1,
2015,Highway,Umesh Kulkarni,"Girish Kulkarni, Mukta Barve, Tisca Chopra, Huma Qureshi, Renuka Shahane, Vidyadhar Joshi, Sunil Barve, Savita Prabhune, Kishor Kadam",Road Movie,2,
2015,Shegavicha Yogi Gajanan,Pitambar Kale,"Jackie Shroff, Milind Gunaji, Sanjay Khapre, Deepali Sayad, Bharat Ganeshpure",Drama,1,
2015,Saangati,"Sunilsingh Shivalkar, Ramvijay Waman Parab","Gaurav Ghatnekar,Smita Oak, Satish Pulekar",Drama,0,
2015,Tu Hi Re,Sanjay Jadhav,"Swapnil Joshi, Sai Tamhankar, Tejaswini Pandit","Drama,Romance",1,
2015,The Shadow,Rohaan Satghare,"Manasi Naik, Ashok Pawade","Horror,Drama",2,
2015,Vaajlaach Paahije - Game Ki Shinema,R. Viraj,"Bhalchandra Kadam, Chinmay Udgirkar, Girija Joshi,Rajesh Bhosle, Aarti Solanki",Romantic comedy,2,
2015,Sarva Kahi Priye Fakt Tujhyasathi,Bhimrao Rahate,"Bhimrao Rahate, Kavita Pawaskar, Ajita Kulkarni, Prapti Bane",Romance,1,
2015,Vakratunda Mahakaaya,Punarvasu Naik,"Vijay Maurya, Naman Jain, Shashank Shende,Prarthana Behere, Rishi Deshpande, Jayant Sawarkar, Usha Nadkarni","Thriller,Drama",2,
2015,Daagdi Chaawl,Chandrakant Kanse,"Ankush Choudhary, Makarand Deshpande,Pooja Sawant","Crime, Action",0,
2015,Mungla,Vijay Devkar,"Lokesh Gupte, Suhas Palashikar, Ganesh Yadav",Drama,1,
2015,Biker's Adda,Rajesh Latkar,"Santosh Juvekar, Prarthana Behere","Thriller,Action,Drama",0,
2015,Rajwade and Sons,Sachin Kundalkar,"Atul Kulkarni, Sachin Khedekar, Mrinal Kulkarni,Satish Alekar, Jyoti Subhash,Amrtriyaan Patil, Alok Rajwade, Siddharth Menon, Mrinmayee Godbole, Krutika Dev",Drama,1,
2015,Citizen,Amol Shetge,"Raqesh Vashisth ,Madhav Deochake ,Rajshree Landgey,",Drama,2,
2015,Shasan,Gajendra Ahire,"Makarand Anaspure, Jitendra Joshi, Bharat Jadhav, Siddharth Jadhav, Vikram Gokhale,Manava Naik, Vrinda Ahire, Kiran Karmarkar,Milind Shinde, Aditi Bhagwat",Political Drama,1,
2015,Khwada,Bhaurao Karhade,"Shashank Shende, Anil Nagarkar, Bhau Shinde, Surekha,Yogesh Dimbale, Rasika Chavhan, Vaishnavi Dhore, Chandrakant Dhumal, Prashant Ingale, Vaishali Kendale, Amol Thorat,sandeep tkone, Hemat Kadam",Drama,2,
2015,Dagadabaichi Chaal,Sunil Wailkar,"Rajpal Yadav, Vishakha Subhedar, Sangram Salvi, Mohini Kulkarni, Bhushan Kadu, Shweta Pagar, Kamlakar Satpute, Kishore Chougule, Madhavi Juvekar, Sunil Godbole, Johny Rawat, Prashant Tapaswi, Santosh Chordia",Comedy,1,
2015,Than Than Gopal,Kartik Shetty,"Milind Gunaji, Milind Gawali,Vivek Chabukswar,Suzanne Bernert",Drama,1,
2015,Te Aath Divas,Shyam Dhanorkar,"Tushar Dalvi, Renuka Shahane, Atul Todankar, Aroh Velankar, Deepali Mucherkar, Avinash Masurekar, Sunil Joshi, Meena Sonavne, Abhilasha Patil and Ashitosh Gaikwad",Drama,2,
2015,Bedardi,Sahil Seth,"Omkar Kulkarni, Pooja Narang, Arun Nalawade, Rajesh Kamle",Drama,1,
2015,Mumbai-Pune-Mumbai 2,Satish Rajwade,"Swapnil Joshi, Mukta Barve","Drama,Romance",2,
2015,Katyar Kaljat Ghusali,Subodh Bhave,"Subodh Bhave, Amruta Khanvilkar","Musical,Drama",1,
2015,Shinma,Milind Kavde,"Ajinkya Deo, Vijay Patkar, Kishori Shahane ,Sanskruti Balgude, Gurleen Chopra","Comedy,Drama",2,
2015,Mahanayak Vasant Tu,Nilesh Jalamkar,"Chinmay Mandalekar, Nisha Parulekar, Bharat Ganeshpure, Ravi Patvardhan, Jayaraj Nayar, Prakash Dhotre","Biopic,Drama",1,
2015,URFI,Vikram Pradhan,"Prathamesh Parab, Mitali Mayekar, Upendra Limaye, Kavita Lad, Milind Phatak, Uday Sabnis","Romantic,Thriller",0,
2015,Partu,Nitin Adsul,"Smita Tambe, Kishor Kadam, Navni Parihar",Drama,1,
2015,Cinderella,Kiran Nakti,"Rupesh Bane, Yashashwi Wengurlekar, Mangesh Desai, Janardan Parab, Yakub Sayed, Vineet Bhonde,",Drama,2,
2015,Pilantrru,Sanjay Kolte,"Chinmay Deshkar, Prabhakar Ambone",Social Drama,1,
2014,"Prathamesh Parab, Ketaki Mategaonkar, Vaibhav Mangle, Bhalchandra Kadam,Meghana Erande, Urmila Kanitkar",Comedy /Romance,[1][2],,0,
2014,Abhay Kambli,"Akshay Shimpi, Rohan Pednekar, Shrikant Bhide","Drama,Action",[3],1,
2014,Sachin Goswami,"Bharat Jadhav, Umesh Kamat, Mrunmayee Deshpande",Thriller,[4],2,
2014,Sangharsh,Saisparsh,"Rajesh Shringarpure,Sangeeta Kapure, Prajakta Mali, Nakul Ghanekar,Anshuman Vichare",Drama,1,
2014,Fandry,Nagraj Manjule,"Somnath Avghade,Rajeshwari Kharat, Kishor Kadam, Chhaya Kadam,Nagraj Manjule",Drama,2,
2014,Khairlanjichya Mathyawar,Raju Meshram,"Kishori Shahane, Vilas Ujawane",Drama,1,
2014,Priyatama,Satish Motling,"Siddarth Jadhav, Girija Joshi,Sanjay Khapre, Charusheela Vacchani, Praful Samant,Sagar Satpute",Romance,0,
2014,Sau Shashi Deodhar,Amol Shetge,"Sai Tamhankar, Ajinkya Deo,Tushar Dalvi",Mystery /Drama,1,
2014,Akalpith,Prasad Acharekar,"Mohan Agashe, Nirmiti Sawant, Renuka Shahane","Horror,Thriller",0,
2014,Dhag,Shivaji Lotan Patil,"Upendra Limaye, Usha Jadhav, Nagesh Bhosale",Drama,1,
2014,Hello Nandan,Rahul Jadhav,"Adinath Kothare, Mrunal Thakur",Thriller,2,
2014,Waakya,Deepak Kadam,"Priyanka Dnyanlaxmi, Abhijeet kulkarni, Prema kiran, Raj Dutta, Kishori Shahane,Ganesh Yadav, Nisha Kathote",Drama,1,
2014,Taptapadi,Sachin Nagargoje,"Veena Jamkar, Kashyap Parulekar, Sruti Marathe,Neena Kulkarni, Sharad Ponkshe, Ashwini Ekbote,Ambarish Deshpande",Drama,0,
2014,Surajya,Santosh Manjrekar,"Vaibbhav Tatwawdi, Mrunal Thakur, Sharad Ponkshe",Drama,1,
2014,Postcard,Gajendra Ahire,"Girish Kulkarni, Kishor Kadam, Subodh Bhave,Vaibhav Mangale, Sai Tamhankar, Vibhavari Deshpande, Radhika Apte, Suhita Thatte, Dilip Prabhavalkar",Drama,0,
2014,Dhamak,Rajendra Bandivadekar,"Aniket Vishwasrao, Girija Joshi, Mohan Joshi,Ashok Samarth, Viju Khote, Jayant Wadkar, Vidhyadhar Joshi, Uma Sardeshmukh","Action,Drama",1,
2014,Dusari Goshta,Chandrakant Kulkarni,"Siddharth Chandekar, Neha Pendse, Vikram Gokhale",Drama,0,
2014,Salaam,Kiran Yadnyopavit,"Girish Kulkarni, Kishor Kadam, Sanjay Khapre,Jyoti Chandekar, Atisha Naik",Drama,1,
2014,Ek Hazarachi Note,Shrihari Sathe,"Usha Naik, Sandeep Pathak, Ganesh Yadav,Shrikant Yadav, Pooja Nayak",Drama,0,
2014,Ajoba,Sujay Dahake,"Urmila Matondkar, Rishikesh Joshi, Dilip Prabhavalkar, Neha Mahajan","Drama,Adventure,Thriller",1,
2014,Bhakarkhadi 7 km,Umesh Namjoshi,"Aniket Vishwasrao, Veena Jamakar, Apurva Nemalekar",Drama,2,
2014,Misal Pav (The Movie),Vishvjit Masal,"Anshuman Vishare, vijay chavan, Viju khote",Comedy,1,
2014,Aandhali Koshimbir,Aditya Ingale,"Ashok Saraf, Vandana Gupte, Aniket Vishwasrao",Comedy,0,
2014,Hututu,Kaanchan Adhikkari,"Kanchan Adhikari, Hemant Dhome, Jitendra Joshi",Comedy,1,
2014,Daptar - The School Bag,Pundalik Dhumal,"Tom Alter, Yash Shah, Tanvi Kamat, Abhay Kamat",Family,0,
2014,Mukkam Post Dhanori,Sudarshan Warale,"Niyati Ghate, Prakash Dhotre, Priya Gamre,Yogesh Shinde",Thriller,1,
2014,Lai Bhaari,Nishikant Kamat,"Ritesh Deshmukh, Radhika Apte, Aditi Pohankar",,0,
2014,Anvatt,Gajendra Ahire,"Adinath Kothare, Urmila Kanetkar, Makarand Anaspure",Thriller,1,
2014,Astu,,"Mohan Agashe, Milind Soman, Amruta Subhash",Drama,0,
2014,Poshter Boyz,Sameer Patil,"Aniket Vishwasrao, Dilip Prabhavalkar, Hrishikesh Joshi",Comedy,1,
2014,Rama-Madhav,Mrinal Kulkarni,"Ravindra Mankani, Mrinal Kulkarni",Historical,1,
2014,Rege,Abhijeet Panase,"Mahesh Manjrekar, Pushkar Shrotri, Santosh Juvekar",Crime,2,
2014,Vaadhdivsachya Haardik Shubhechcha,Deepak Naidu,"Ankush Choudhary, Madhu Sharma, Pushkar Shrotri",Comedy,0,
2014,Gulabi,Guddu Dhanoa,"Sachin Khedekar, Pakhi Hegde, Vineet Sharma,Vinay Apte, Jaspal Sandhu",Drama,1,
2014,Guru Pournima,Girish Mohite,"Upendra Limaye, Sai Tamhankar, Sulbha Arya","Drama,Romance",2,
2014,Nati,Yogesh Jaadhav,"Teja Devkar, Ajinkya Deo, Subodh Bhave",Biopic,1,
2014,Baavare Prem He,Ajay Kishor Naik,"Siddharth Chandekar, Urmila Kanitkar","Musical,Romance",1,
2014,Tapaal,Laxman Utekar,"Nandu Madhav, Veena Jamkar, Urmila Kanitkar",Drama,2,
2014,Sanngto Aika,Satish Rajwade,"Sachin Pilgaonkar, Vaibhav Mangle, Milind Shinde","Comedy,Drama",1,
2014,Dr. Prakash baba Amte,Samruddhi Porey,"Nana Patekar, Sonali Kulkarni",Biopic,0,
2014,Ishq Wala Love,Renu Desai,"Adinath Kothare, Sulagna Panigrahi",Romance,1,
2014,Punha Gondhal Punha Mujra,Balkrushna Shinde,"Makarand Anaspure, Sayaji Shinde",Comedy,0,
2014,Pyaar Vali Love Story,Sanjay Jadhav,"Swapnil Joshi, Sai Tamhankar, Urmila Kanitkar,Sameer Dharmadhikari, Upendra Limaye","Comedy,Romance",1,
2014,Elizabeth Ekadashi,Paresh Mokashi,"Shrirang Mahajan, Sayali Bhandarkar, Pushkar Lonarkar, Nandita Dhuri","Comedy,Drama",2,
2014,Dhyaas 3D,Mandar Shinde,Suhas Palshikar,"Circus,Drama, 3D",1,
2014,Vitti Dandu,Ganesh Kadam,"Dilip Prabhavalkar, Ashok Samarth, Mrunal Thakur, Ravindra Mankani","Drama,Action",2,
2014,Mamachya Gavala Jaaoo Yaa,Sameer Joshi,"Abhijeet Khandkekar, Mrunmayee Deshpande","Comedy,Thriller",1,
2014,Happy Journey,Sachin Kundalkar,"Atul Kulkarni, Priya Bapat, Pallavi Subhash,Siddharth Menon","Drama,Comedy,Road Movie",1,
2014,Swami Public Ltd.,Gajendra Ahire,"Subodh Bhave, Vikram Gokhale, Chinmay Mandalekar, Vinay Apte, Saunskruti Kher","Drama,Thriller",2,
2014,Candle March,Sachin Dev,"Manva Naik, Tejaswini Pandit, Smita Tambe",Drama,2,
2014,Premasathi Coming Suun,Ankur Kakatkar,"Adinath Kothare, Jitendra Joshi, Neha Pendse,Resham Tipnis, Vijay Patkar, Suhas Joshi,Anchal Poddar",Romcom,0,
2014,Madhyamvarg: The Middle Class,Hari Fernandes,"Siddharth Jadhav, Ravi Kishan, Kashmira Kulkarni",Action,1,
2014,Miss Match,Girish Vasaikar,"Bhushan Pradhan, Mrinmai Kolwalkar, Uday Tikekar",Romance,0,
2014,Avatarachi Goshta,Nitin Dixit,"Ashish Vidyarthi, Adinath Kothare, Leena Bhagwat, Mihiresh Joshi","Comedy,Drama",1,
2014,IPL The Film,Deepak Kadam,"Swapnil Joshi, Santosh Mayekar, Shital K Upare, Kshitija Ghosalkar, Vijay Patkar",comedy,2,
2013,Ravi Jadhav,"Prathamesh Parab, Shashwati Pimplikar, Madan Devdhar, Kishor Kadam",Drama,[1],2,
2013,Dharmanand Vernekar,"Makarand Anaspure, Sayaji Shinde, Mohan Agashe, Savita Malpekar, Shilpa Anaspure",Drama,,2,
2013,Tejas Deoskar,"Sandeep Kulkarni, Kadambari Kadam, Sarika Nilatkar",Drama,,1,
2013,"Ashok Karlekar, Rajan Prabhu",,Romance,,1,
2013,Ramesh Namdeo Shirke,"Atul Todankar, Bhushan Kadu, Prashant Nigde",Drama,,2,
2013,Darshan Lolienkar,"Suneel Pednekar, Sonam Morajkar, Uday Salkar",Drama,,0,
2013,Wasim Maner,"Aditi Sarangdhar, Sadashiv Amrapurkar, Aishwarya Narkar, Sharvari Jamenis,Chinmay Mandlekar",Drama,[3],1,
2013,Nikhil Mahajan,"Girish Kulkarni, Sonali Kulkarni, Sai Tamhankar",Thriller,[4],0,
2013,Premachi Goshta,Satish Rajwade,"Atul Kulkarni, Sagarika Ghatge, Rohini Hattangadi, Sulekha Talvalkar, Meera Welankar, Satish Rajwade, Ajay Purkar",Romance,0,
2013,Ashach Eka Betavar,Sanjay Hinge,"Sanjay Narvekar, Ankush Chaudhari, Madhura Velankar-Satam, Sai Tamhankar, Sanjay Mone, Yatin Karyekar, Mangesh Desai, Sharad Ponkshe, Kamalesh Sawant, Punam Jadhav",Suspense,1,
2013,Jay Maharashtra Dhaba Bhatinda,Avadhoot Gupte,"Abhijeet Khandkekar,Prarthana Behere, Vikram Gokhale, Puneet Issar, Priyadarshan Jadhav, Janhavi Prabhu-Arora,Avadhoot Gupte",Drama,0,
2013,Love is Vaat,Rohaan Satghare,"Amit Bhanushali, Vijay Chavan, Kranti Redkar",Comedy,1,
2013,Sasubai Gelya Chorila,Dnyaneshwar Aangane,"Vishakha Subhedar,Kuldeep Pawar, Arun Kadam, Girish Pardeshi, Amit Bhanushali, Ashlesha Patil, Tejaswi Patil",Comedy,0,
2013,Dhating Dhingana,Mandar Devasthali,"Ankush Choudhary, Prasad Oak, Aditi Sarangdhar,Neelam Shirke, Atul Parchure, Shweta Shinde,Anand Abhyankar, Digamber Naik, Arun Nalawade, Vandana Gupte, Uday Sabnis, Smita Talwalkar, Savita Malpekar",Comedy,1,
2013,Aakant,Mansingh Pawar,"Milind Shinde, Aditi Sarangdhar, Anvay Bendre, Deepa Chaphekar, Rajeet Govilkar, Santosh Bhosale, Gajanan Bhise, Arun Khandagale, Dilip Raj",Romance,0,
2013,Tuhya Dharma Koncha?,Satish Manwar,"Upendra Limaye, Vibhawari Deshpande, Suhas Palshikar, Ramesh Medhekar, Kishor Kadam",Drama,1,
2013,Aajcha Divas Majha,Chandrakant Kulkarni,"Sachin Khedekar, Ashwini Bhave, Mahesh Manjrekar, Rishikesh Joshi, Pushkar Shrotri, Anand Ingle",Drama,2,
2013,Navra Maza Bhavra,Kamlakar Gujal,"Dr. Nilesh Sable, Tamanna Nayar, Bhushan Kadu, Pradeep Patwardhan, Vijay Chavan, Kishori Ambiye, Kirti Chaudhary, Deepa Chaphekar, Satish Taare,Viju Khote, Mrunmayee Deshpande, Girija Oak, Aditi Sarangdhar",Comedy,1,
2013,Dankyavar Danka,Kanchan Nayak,"Makarand Anaspure, Suvarna Kale, Vijay Patkar, Ashwini Ekbote, Pravin Tarade, Prakash Dhotre, Mukta Patwardhan",Comedy,,
2013,Sanshay kallol,Vishal Inamdar,"Ankush Choudhary, Pushkar Shrotri, Gauri Nigudkar, Mrunmayee Deshpande, Sanjay Khapre, Omkar Govardhan, Kshitee Jog, Reema Lagoo, Vijay Patwardhan, Sulekha Talvalkar",Comedy,1,
2013,Parees,Ramesh Saalgaonkar,"Umesh Kamat, Kishor Kadam, Vijay Chavhan, Arun Nalawade, Nisha Parulekar, Uday Sabanis, Pradip Patvardhan, Vivek Chabukswar, Indrajeet More, Hrishikesh Shelar",Drama,2,
2013,Chintoo 2,Shrirang Godbole,,Children /Thriller,2,
2013,Kurukshetra,Milind Lele,"Mahesh Manjrekar, Sharad Pongse, Shweta Salve",Drama,1,
2013,Prem Mhanje Prem Mhanje Prem Asta,Mrinal Kulkarni,"Mrinal Kulkarni, Sachin Khedekar, Pallavi Joshi, Sunil Barve, Suhas Joshi, Mohan Agashe, Smita Talwalkar, Neha Joshi, Siddharth Chandekar",Romance,1,
2013,Touring Talkies,Gajendra Ahire,"Subodh Bhave, Trupti Bhoir, Kishor Kadam, Suhas Palshikar, Milind Shinde, Vaibhav Mangale, Neha Pendse, Chinmay Sant",Drama,2,
2013,Yeda,Kishore Belekar,"Ashutosh Rana, Kishori Shahane Vij, Satish Pulekar, Reema Lagoo, Aniket Vishwasrao, Pradhyna Shastri",Thriller,2,
2013,Khel Tamasha,Ashish Pujari,"Teja Devkar, Sanjay Khapre, Milind Shinde, Prakash Dhotre, Rohit Chavan, Sanjay Mohite, Prashant Tapaswi, Varsha Ghatpande, Milind Oak, Suresh Vishwakarma, Chinmay Kulkarni, Praful Kamble",Drama,2,
2013,We are On - Houn Jau de,"Amol Palekar, Sandhya Gokhale","Ashok Saraf, Nivedita Saraf, Vandana Gupte, Dilip Prabhawalkar, Makarand Anaspure, Manoj Joshi,Satish Alekar, Ajit Kelkar, Satish Pulekar, Upendra Limaye, Pushkar Shrotri,Anand Ingale, Ramesh Bhatkar, Shreeram Pendse, Gautam Joglekar, Sandeep Pathak",Drama,0,
2013,Lek Laadki,Yashwant Bhalkar,"Pratiksha Lonkar, Mohan Joshi, Milind Gunaji, Umesh Kamat, Priyanka Yadav, Swapnil Rajshekhar, Supriya Karnik, Ashalata Wabgaonkar, Suhasini Deshpande",Family,1,
2013,Tendalya Nighala Oscarla,Dr. Shashikant Doiphode,"Vinod Revale, Disha Pardeshi, Shraddha Sangavkar, Devendra Ghavre, Saroj Rao, Suyash Gajanand, Sachin Bidwai, Rajesh Choudhary, Nilesh Konde, Yashodhan Mavlankar, Prashant Satardekar",Comedy,0,
2013,"Kasa Kai Mama, Bara Hai Kaa",,,Family,1,
2013,Kokanastha-Taath Kana Haach Baana,Mahesh Manjrekar,"Sachin Khedekar, Medha Manjrekar, Upendra Limaye, Jitendra Joshi, Sonali Kulkarni, Vaibhav Mangle, Savita Malpekar, Priya Bapat",Drama,2,
2013,Ashi Hoti Sant Sakhu,Subhash Sharma,"Nisha Parulekar, Subha Deshpande",Epic,2,
2013,Taani,Sanjeev Kolte,"Ketaki Mategaonkar, Arun Nalawade, Vatsala Polkamvar Ambone, Dr. Vilas Ujavne, Devendra Dodke, Madan Gadkari",Family,2,
2013,Tifan - Ek Kinchali,Kailash Mali,"Aniket Kelkar, Vilas Ujavne, Prajakta, Shivaji Shinde",Drama,1,
2013,Ekulti Ek,Sachin Pilgaonkar,"Sachin Pilgaonkar, Supriya Pilgaonkar, Shriya Pilgaonkar, Siddharth Menon, Ashok Saraf, Kishori Shahane, Nirmiti Sawant",Family,2,
2013,Kalakaar,Sakar Raut,"Bhushan Pradhan, Amruta Deshmukh",Drama,1,
2013,Kho Kho,Kedar Shinde,"Bharat Jadhav, Prajakta Mali, Vijay Chavan,Siddharth Jadhav, Kranti Redkar, Uday Tikekar",Comedy,2,
2013,Power,Vijay Rane,"Nagesh Bhosle, Smita Shewale, Vijay Patkar, Pratiksha Jadhav, Uday Tikekar, Anant Jog, Shreyash Paranjpe, Seema Singh",Action /Drama,2,
2013,Bhootacha Honeymoon,Raj Mohite,"Bharat Jadhav, Ruchita Jadhav, Pratiksha Jadhav, Madhu Kambikar, Santosh Malekar",Drama,1,
2013,Zapatlela 2,Mahesh Kothare,"Adinath Kothare, Sonalee Kulkarni, Sai Tamhankar, Makarand Anaspure, Dilip Prabhavalkar",Comedy /Thriller,0,
2013,Anumati,Gajendra Ahire,"Vikram Gokhale, Reema Lagoo, Neena Kulkarni,Subodh Bhave, Anand Abhyankar, Sai Tamhankar, Kishor Kadam, Arun Nalavde, Rohan Mankani, Neha Pendse",Family,1,
2013,Chaandi,Sameer Naik,"Ramesh Deo, Vaibhav Mangale, Deepak Shirke",Comedy,2,
2013,Chabu Palali Sasarla,Anil Surve,"Ashok Shinde, Maithili Javkar, Prasad Oak, Vijay Patkar, Atul Parchure, Vijay Chavan, Viju Khote, Deepak Shirke, Shantanu Moghe, Shanshak Udharpurkar",Romance,1,
2013,Yoddha,Prasad Inamdar,"Saurabh Gokhale, Sharmishta Raut, Nagesh Bhosale, Priya Berde, Devendra Bhagat, Shivangi Valvekar, Anvay Bendre, Sunil Godbole, Poorva Barve, Atharva Kane",Action /Drama,2,
2013,Premsutra,Tejas Deoskar,"Sandeep Kulkarni, Pallavi Subhash, Lokesh Gupte, Shruthi Marathe, Shubha Khote, Shishir Sharma, Ila Bhat, Meenakshi Martins, Prasad Pandit",Romance,2,
2013,Mazi Shala,Shantanu Anant,"Arun Nalawade, Alka Kubal, Aaksah Waghmode, Jayant Savarkar, Devendra Dodke, Deepjyoti, Ashok Pawade, Baban Joshi, Sanchit Yadav, Poornima Vawhal",Drama,1,
2013,Duniyadari,Sanjay Jadhav,"Swapnil Joshi, Ankush Choudhary, Urmila Kanitkar,Sai Tamhankar, Sandeep Kulkarni, Varsha Usgaonkar, Jitendra Joshi, Sushant Shelar, Richa Pariyalli, Uday Tikekar, Uday Sabnis",Drama,2,
2013,Shreemant Damodar Pant,Kedar Shinde,"Bharat Jadhav, Vijay Chavan, Alka Kubal",Drama,1,
2013,Time Please,Sameer Vidwans,"Umesh Kamat, Priya Bapat, Siddharth Jadhav, Sai Tamhankar",Drama,2,
2013,72 Mile - Ek Pravas,Rajiv Patil,"Chinmay Sant, Smita Tambe, Shravani Solaskar, Chinmay Kambli, Esha Mane",Drama,1,
2013,Popat,Satish Rajwade,"Atul Kulkarni, Amey Wagh, Siddharth Menon",Comedy,2,
2013,Sutradhar,Pratik Kadam,"Chinmay Mandlekar, Vinay Apte, Alka Kubal-Athlye, Aditi Sarangdhar,Sushant Shelar, Purva Pawar, Aby Fizardo, Bhushan Ghadi, Nayan Jadhav, Poonam Jadhav, Sunil Deo, Pradeep Patwardhan, Kamlesh Sawant, Shekhar Phadke, Swapnil Jadhav, Janmejay Patil",Drama,0,
2013,Jarab,"Prakash Panchal,Ankush Choudhary","Ankush Choudhary,Sai Lokur",Action,1,
2013,Sat Na Gat,Raju P,"Bharat Jadhav, Pakhi Hegde, Manjarekar",,0,
2013,Investment,Ratnakar Matkari,"Tushar Dalvi, Supriya Vinod, Sulbha Deshpande, Sanjay Mone, Sandeep Pathak, Praharsh Naik, Bhagyashri Pane, Parharsh Naik, Soham Kolvankar, Milind Pathak",Drama,1,
2013,Narbachi Wadi,Aditya Ajay Sarpotdar,"Dilip Prabhavalkar, Atul Parchure, Nitin Ratnaparakhi, Manoj Joshi, Manoj Patwardhan, Kishori Shahane",Drama,0,
2013,Lagna Pahave Karun,Ajay Naik,"Mukta Barve, Umesh Kamat, Siddharth Chandekar, Tejashri Pradhan",Romance,1,
2013,Samhita â€“ The Script,"Sumitra Bhave, Sunil Sukthankar","Milind Soman, Devika Daftardar, Rajeshwari Sachdeva, Uttara Baokar, Jyoti Subhash, Sarang Sathye, Ashwini Giri, Dr. Sharad Bhutadia, Dr. Shekhar Kulkarni, Neha Mahajan",Drama,0,
2013,Vanshvel,Rajeev Patil,"Ankush Chaudhary, Kishore kadam, Namrata Gaikwad, Sushant Shelar, Shantanu Gangane, Manisha Kelkar, Vidya Karanjikar, Usha Naik",Drama,1,
2013,Maunraag,Vaibhav Abnave,"Ashwini Giri, Devashish Paranjape, Gajanan Paranjape",Drama,0,
2013,Premacha Jhol Jhal,Manoj Kotian,"Siddharth Jadhav, Navin Prabhakar, Smita Gondkar, Tejaswi Patil, Vijay Patkar, Priya Berde",Romance,1,
2013,Mandali Tumchyasathi Kay Pan,Anil Surve,"Bharat Jadhav, Aditi Sarangdhar, Prasad Oak, Shekhar Phadke, Ravindra Berde, Ashok Shinde",Comedy,2,
2013,Laal Chuda,Narendra Shinde,"Mohan Joshi, Dr. Vilas Ujawane, Aditi Saranghar",Romance,0,
2013,Tendulkar Out,Swapnil Jaykar,"Sai Tamhankar, Sayaji Shinde, Santosh Juvekar",Drama,1,
2013,Mangalashtak Once More,Sameer Joshi,"Mukta Barve, Swapnil Joshi, Sai Tamhankar, Kadambari Kadam, Hemant Dhome, Vijay Patvardhan",Romance,1,
2013,Pitruroon,Nitish Bharadwaj,"Tanuja, Sachin Khedekar, Suhas Joshi, Sudha Murthy","Suspense,Drama",2,
2013,Vijay Aso,Rahul Jadhav,"Namrata Gaikwad, Chinmay Mandlekar, Murli Sharma","Action,Drama",1,
2013,Rangkarmi,Sanjiv Kolte,"Amol Kolhe, Mohan Joshi",Drama,2,
2012,Sujay Dahake,"Anshuman Joshi, Ketaki Mategaonkar, Dilip Prabhavalkar, Ashwini Giri, Jitendra Joshi, Santosh Juvekar, Amruta Khanvilkar and Nandu Jadhav",Romance /Drama,,1,
2012,Jitendra Shikerkar,"Avinash Narkar, Sampada Kulkarni, Sharad Ponkshe",Romance /Action,,0,
2012,Amit Abhyankar,"Nandu Madhav, Santosh Juvekar, Madhura Velankar-Satam",Comedy,[2],1,
2012,Satrangi Re,Aditya Sarpotdar,"Adinath Kothare, Amruta Khanvilkar, Siddharth Chandekar, Pooja Sawant, Bhushan Pradhan, Soumil Shringarpure, Uday Tikekar, Vidyadhar Joshi, Supriya Matkari, Madhav Abhyankar",Musical /Romance,1,
2012,Yedyanchi Jatra,Milind Arun Kawade,"Bharat Jadhav, Sneha Kulkarni, Mohan Joshi, Vinay Apte",Comedy,0,
2012,Gola Berij,Kshitij Zarapkar,"Nikhil Ratnaparkhi, Neha Deshpande, Dilip Prabhawalkar",Comedy,2,
2012,Bluffmaster,Kishor Saav,"Ankush Choudhary, Tejaswini Pandit, Pushkar Shrotri",Romance /Comedy,0,
2012,Aai Mala Maru Nako (3D),Satyaprakash Mangtani,"Avinash Jadhav, Mrunalni,Manojanand,Komal dhillon,Jayshree T., Viju khote, Baby Muskan, Shailesh Pitambre, Suhas.D.Joshi, Mukesh Khanna",Drama,1,
2012,Sambha - Aajcha Chava,,,,0,
2012,Kuni Mulgi Deta Ka Mulgi,Ashok Karlekar,"Ashutosh Kulkarni, Sheetal Maulik, Jaywant Patekar, Megha Ghadge",Comedy,1,
2012,Matter,Satish Motling,"Santosh Juvekar,Jitendra Joshi","Crime,Action",2,
2012,Chinu,,,,1,
2012,Kay Karu N Kasa Karu,Vinay A. Lad,"Bharat Jadhav, Deepali Sayyad, Aditi Sarangdhar",Comedy,1,
2012,Bhanamati,,,,2,
2012,Thodi Khatti Thodi Hatti,,,,2,
2012,Teen Bayka Fajiti Aika,Raju Parsekar,"Makarand Anaspure, Kranti Redkar, Nisha Parulkar, Tejashree Khele, Surekha Kudachi,Vijay Chavan, Kuldeep Pawar, Swapnil Rajshekhar, Varad Chavhan, Digambar Naik",Comedy,0,
2012,Chirgut,Pradeep Ghonshikar,"Upendra Limaye, Chinmay Mandlekar, Siya Patil",Drama,1,
2012,Karuna Shiv Shankara,C.Vishal,"Vijay Chavan, Nisha Parulekar, Deepjyoti Naik, Varad Chavhan, Yuugg, Pranali Londhe, Umesh Bolke, Prashant Neman",Drama,2,
2012,Baboo Band Baaja[6],Rajesh Pinjani,"Mitalee Jagtap Varadkar, Vivek Chabukswar, Milind Shinde",Drama,2,
2012,Kashala Udyachi Baat,Pramod Joshi,"Sachin Khedekar, Anupam Kher, Mrinal Kulkarni",Comedy /Drama,1,
2012,Raja Shivchattrapati,Hemant Devdhar,"Dr. Amol Kolhe, Mrinal Kulkarni, Avinash Narkar",Historical,1,
2012,Uchala Re Uchala,"Yashwant Chaughule, Amol Bhave","Vaibhav Mangale, Trupti Bhoir, Anand Ingle",Comedy,2,
2012,Aarohi Gosht Tighanchi,Pramod Joshi,"Ketaki Mategaonkar, Kiran Karmarkar, Mrinal Kulkarni",Musical /Drama,1,
2012,Masala[7],Sandesh Kulkarni,"Girish Kulkarni, Amruta Subhash, Shreeram Lagoo",Drama,1,
2012,Khel Mandala[8],Viju Mane,"Mangesh Desai, Ananya Devre, Uday Sabnis, Kushal Badrike",Drama,1,
2012,Zalay Dimag Kharab,Abhijeet Guru,"Nikhil Raut, Sanjay Mohite, Akshaya Bhingarde",Comedy,2,
2012,Ha Bharat Mazha,"Sumitra Bhave, Sunil Sukhtankar","Vikram Gokhale, Uttara Baokar, Renuka Daftardar",Drama,2,
2012,Kaksparsh[10],Mahesh Manjrekar,"Sachin Khedekar, Priya Bapat, Medha Manjrekar, Savita Malpekar, Ketaki Mategaonkar",Romance/ Drama,2,
2012,Ajintha[11],Nitin Chandrakant Desai,"Sonalee Kulkarni, Philip Scott Wallace, Manoj Kolhatkar",Romance/ Drama,1,
2012,Chintoo[12],Shrirang Godbole,"Subhankar Atre, Suhani Deshpande, Animesh Padhye, Subodh Bhave, Vibhawari Deshpande, Shriram Pendse, Dilip Prabhavalkar, Bharti Aacharekar",Children,1,
2012,Swapna Tujhe Ni Majhe,Ashok Kambli,"Neha Joshi, Omkar Karve, Milind Gunaji",Drama,2,
2012,Jay Jay Maharashtra Majha,Gautam Joglekar,"Hemant Dhome, Anusha Dandekar, Mahesh Manjrekar",Drama,1,
2012,Mala Ek Chanas Hava,Baal Mohite,"Makarand Anaspure, Deepali Sayyad, Kuldeep Pawar, Chetan Dalvi",Comedy,0,
2012,Saheb,K. Vilas,"Dr. Amol Kolhe, Mohan Joshi, Aniket Kelkar",Drama,1,
2012,Aamhi Ka Tisre,Ramesh More,"Milind Gawali, Sandesh Jadhav, Mangesh Mokashi",Drama,2,
2012,Dhagedore,Akshay Yashwant Datt,"Umesh Kamat, Sai Tamhankar, Bhargavi Chirmule",Suspense/ Drama,0,
2012,Lau Ka Laath,Vijay Patkar,"Vijay Patkar, Hemlata Bane, Vijay Kadam",Comedy,1,
2012,Baburao La Pakdaa,Ashish Ubale,"Sanjay Narvekar, Bharat Jadhav, Makarand Anaspure, Sameer Dharmadhikari, Nisha Parulekar, Sai Tamhankar",Comedy,2,
2012,Tukaram [14],Chandrakant Kulkarni,"Jitendra Joshi, Padmanabh Gaikwad, Prateeksha Lonkar, Radhika Apte, Veena Jamkar, Sharad Ponkshe, Yatin Karyekar",Epic,1,
2012,Aik (Listen),Pratik Kadam,"Swapnil Jadhav, Aditi Sarangdhar, Prasad Oak, Suhas Palshikar, Chinmay Mandlekar, Shekhar Phadke, Tanishq Sonawane, Prashant Neman, Poonam Jadhav",Thriller,0,
2012,Badam Rani Gulam Chor,Satish Rajwade,"Upyendra Limaye, Mukta Barve, Pushkar Shrotri",Comedy,1,
2012,Har Har Mahadev,Subhash Phadke,"Sanjay Narvekar, Arun Nalawade, Amita Khopkar",Family /Drama,0,
2012,"Satya, Savitree ani Satyawan",Sarvesh Parab,"Amruta Patki, Sachit Patil, Shruti Marathe",Mystery,2,
2012,Bharatiya,Girish Mohite,"Subhodh Bhave, Jeetendra Joshi, Meeta Sawarkar",Comedy,1,
2012,Dusarya Jagatali,Satish Randive,"Rajdutt, Vaishanavi Ranadive, Madhu Kambikar",Drama,2,
2012,Yedpat Gaon,S. Vikram,"Bajrang Badshah, Megha Ghadage, Milind Gunaji, Chetan Dalvi",Comedy,0,
2012,Aaghor,Salim Sheikh,"Santosh Juvekar, Aniket Vishwasrao, Sai Tamhankar",Drama,1,
2012,Hridaynath,Amar Gupte,"Jackie Shroff, Aditya Pancholi, Swarangi Marathe",Family /Drama,2,
2012,Champions,Ramesh More,"Shantanu Ranganekar, Machindra Gadkar, Avinash Narkar, Aishwarya Narkar, Arun Nalawde, Uday Sabnis, Hridaynath Rane, Mrunal Chemburkar, Savita Goswami, Bhagyashree Pane, Rajesh Ambole, Ashok Parab",Drama,1,
2012,Kutumb,Sudesh Manjrekar,"Jitendra Joshi, Veena Jamkar, Gauri Ingawlae",Drama,2,
2012,Yere Yere Paisa,Shailesh Shankar Kale,"Makarand Anaspure, Satish Taare, Dr. Vilas Ujawne",Comedy,1,
2012,No Entry Pudhe Dhoka Aahey,Ankush Choudhary,"Ankush Choudhary, Bharat Jadhav, Aniket Vishwasrao, Sai Tamhankar, Kranti Redkar, Manwa Naik, Sai Lokur, Pady Kamble",Comedy,0,
2012,4 Idiots,Milind Arun Kawade,"Bharat Jadhav, Siddarth Jadhav, Guru Anand",Comedy,1,
2012,Dum Asel Tar,Vijay Gokhale,"Shankar Shingare, Smita Shewale, Manava Naik",Action /Drama,2,
2012,4 Idiots,Milind Arun Kawade,"Bharat Jadhav, Siddarth Jadhav, Guru Anand",Comedy,0,
2012,Dum Asel Tar,Vijay Gokhale,"Shankar Shingare, Smita Shewale, Manava Naik",Action /Drama,1,
2012,Saad,Hemant Dhabde,"Analesh Desai, Avantika Salian, Arun Nalawade",Romance,0,
2012,Pipanee,Gajendra Ahire,"Makarand Anaspure, Chandrakant Kulkarni, Ravi Kale",Comedy /Drama,1,
2012,Langar,Sandeep Navare,"Manava Naik, Ravi Kale, Kishori Shahane",Drama,0,
2012,Preet Tujhi Majhi,Anand Shishupal,"Ashok Saraf, Nisha Parulkar, Prasad Oak",Drama,1,
2012,Soon Sambhala Patleenbai,Devendra Lute,"Seema Godbole, Sadanand Borkar, Devendra Lute",Drama,0,
2012,Shree Partner,Sameer Ramesh Surve,"Padmanabh Bind, Shweta Pagar, Lalan Sarang",Drama,2,
2012,Fakta Saatvi Pass,Prakash Panchal,"Sanjay Narvekar, Sharad Ponkshe, Kuldeep Pawar",Drama,0,
2012,Hi Vaat Jeevanachi,Harbans Sidhu,"Alka Kubal, Dr. Vilas Ujawne, Pooja Nayak",Drama,1,
2012,Night School,Mansingh Pawar,"Sandeep Kulkarni, Prasad Pandit, Shrikant Yadav",Drama,0,
2012,The Strugglers - Amhi Udyache Hero,Vijay Shinde,"Chinmay Mandlekar, Deepali Mandavkar, Sanjay Mone",Drama,2,
2012,Aayna Ka Bayna,Samit Kakkad,"Rakesh Bapat, Amruta Khanvilkar, Sachin Khedekar, Ganesh Yadav, Siddhesh Pai",Drama,0,
2012,Eka Varchad Ek,Rajesh Patole,"Milind Gawali, Chetan Dalvi, Gauri Kadam, Vijay Chavan, Sandesh Kulkarni, Milind Gawali, Kushal Badrike, Varsha Bhonsle, Tanvi Kale, Ujwala Gaikwad",Comedy,1,
2012,Mokala Shwas,Kanchan Adhikari,"Mohan Joshi, Sharad Ponkshe, Mrunmayee Deshpande",Drama,2,
2012,Shyamche Vadil,R.Viraj,"Tushar Dalvi, Reema Lagoo, Sulekha Talwalkar, Chinmay Udgirkar",Drama,1,
2012,Sukanya,Mangesh Nehre,"Ravindra Mahajani, Vimal Mhatre, Siya Patil, Shrikant Kamat",Drama,0,
2012,Shivaji the Real Hero,Shakti Shankar Jajoo,"Bharat Jadhav, Sidharth Jaju, Kamlakar Satpute",Action,2,
2012,Vijay Aso,Rahul Jadhav,"Chinmay Mandlekar, Ganesh Yadav, Murli Sharma, Namrata Gaikwad, Amita Khopkar, Janardan Parab, Priyadarshan Jadhav, Rohan Gujar, Mangesh Kawade, Vishnu Kokane",Drama /Political,0,
2012,Aamhi Chamakate Taare,Prakash Jadhav,"Bharat Jadhav, Prasad Oak, Nisha Parulekar, Indrajeet More, Reema Lagoo, Satish Pulekar, Sneha Raikar, Sanyogita Bhave, Anand Abhyankar",Drama,0,
2012,Aamhi Chamakate Taare,Prakash Jadhav,"Bharat Jadhav, Prasad Oak, Nisha Parulekar, Indrajeet More, Reema Lagoo, Satish Pulekar, Sneha Raikar, Sanyogita Bhave, Anand Abhyankar",Drama,1,
2012,Vijay Aso,Rahul Jadhav,"Chinmay Mandlekar, Ganesh Yadav, Murli Sharma, Namrata Gaikwad, Amita Khopkar, Janardan Parab, Priyadarshan Jadhav, Rohan Gujar, Mangesh Kawade, Vishnu Kokane",Drama /Political,2,
2012,Aamhi Chamakate Taare,Prakash Jadhav,"Bharat Jadhav, Prasad Oak, Nisha Parulekar, Indrajeet More, Reema Lagoo, Satish Pulekar, Sneha Raikar, Sanyogita Bhave, Anand Abhyankar",Drama,1,
2012,Aamhi Chamakate Taare,Prakash Jadhav,"Bharat Jadhav, Prasad Oak, Nisha Parulekar, Indrajeet More, Reema Lagoo, Satish Pulekar, Sneha Raikar, Sanyogita Bhave, Anand Abhyankar",Drama,2,
2012,Aamhi Chamakate Taare,Prakash Jadhav,"Bharat Jadhav, Prasad Oak, Nisha Parulekar, Indrajeet More, Reema Lagoo, Satish Pulekar, Sneha Raikar, Sanyogita Bhave, Anand Abhyankar",Drama,1,
2012,Aamhi Chamakate Taare,Prakash Jadhav,"Bharat Jadhav, Prasad Oak, Nisha Parulekar, Indrajeet More, Reema Lagoo, Satish Pulekar, Sneha Raikar, Sanyogita Bhave, Anand Abhyankar",Drama,2,
2012,Aamhi Chamakate Taare,Prakash Jadhav,"Bharat Jadhav, Prasad Oak, Nisha Parulekar, Indrajeet More, Reema Lagoo, Satish Pulekar, Sneha Raikar, Sanyogita Bhave, Anand Abhyankar",Drama,0,
2011,Hemant Deodhar,"Makarand Anaspure, Jitendra Joshi, Tejaswini Lonari",Romance,[1],1,
2011,Sudesh Manjrekar,"Ankush Choudhary, Bharat Jadhav, Siddharth Jadhav",Comedy,[2],1,
2011,Sangramsinh Gaikwad,"Vignesh Joshi, Madhvi Juvekar, Amitriyaan Lead, Rishiraj Pawar, Rajesh Shringaruore, Mayuri Wagh",Children,[3],2,
2011,Aarambh,,,,0,
2011,Dhava Dhav,Bharat Gaikwad,"Bharat Jadhav, Shashank Udapurkar, Mohan Joshi, Smita Jaykar",Comedy,1,
2011,Mala Aai Vhhaychy!,Samruoddhi Porey,"Urmila Kanetkar, Stacy Bee, Samruoddhi Porey, Aiden Barkely, Vivek Raut, Sulbha Deshpande",Drama,2,
2011,Pakda Pakdi,Sandeep Navare,Tejaswini Pandit,Comedy,1,
2011,Mohan Aawatey,Subhash Kale,"Sanjay Narvekar, Siya Patil, Kamlakar Satpute, Suhas Paranjape and Ashok Shinde",Romance/ Drama,2,
2011,Davpech,"Bhimrao Mude, Sachin Vartak","Makarand Anaspure, Bharat Jadhav, Kushal Badrike",Politics,1,
2011,Ragging Ek Vikruti,,"Harsh Kulkarni, Pooja J.",,1,
2011,Don Ghadicha Daav,,"Sai Tamhankar, Makarand Anaspure",,2,
2011,Sadrakshanay,Vikram Labhe,"Tushar Dalvi,Manasi Salvi","Crime,Thriller",1,
2011,Paach Naar Ek Bejaar,,,,2,
2011,Parat Phira Re (Lets go back),,,,1,
2011,Taryanche Bait,Kiran Yagnopavit,"Sachin Khedekar, Ashwini Giri, Shubhangi Joshi and Milind Pathak",Suspense /Thriller,2,
2011,Hari Mazya Ghari,,,,1,
2011,Mast Chalalay Aamcha,Sachin Goswami,"Bharat Jadhav, Vijay Patkar, Bhushan Kadu, Vishakha Subhedar, Kamalakar Satpute, Bhalchandra Kadam and Kishori Ambiye",Comedy,0,
2011,Aare Baba Pure,"Pranay Telang, Chetan Malusare","Sanjay Narvekar, Vijay Chavan, Ravindra Berde, Anand Abhyankar, Jayraj Nair, Jaywant Wadkar, Amey Hunaswadkar, Bhushan Ghadi, Arun Kadam, Paurnima Ahre, Ruchita Jadhav",Drama,1,
2011,Balgandharva,Ravindra Harishchandra Jadhav,"Subodh Bhave, Vibhavari Deshpande, Avinash Narkar, Siddharth Chandekar, Kishor Kadam, Anand Abhyankar, Nitin Chandrakant Desai and Rahul Deshpande",Biographical,0,
2011,Gajar - Journey Of The Soul,Ajit Bhairavkar,"Chinmay Mandlekar, Sukhada Yash, Edward Sonnenblick, Suhas Shirsat",,0,
2011,Aata Ga Baya,Sanjay Narvekar,"Sanjay Narvekar, Pooja Sawant",Drama,0,
2011,Hip Hip Hurray,,,,1,
2011,Kunasathi Kunitari,,,,0,
2011,Pangira,Rajiv Patil,"Meeta Sawarkar,Santosh Juvekar,Kishor Kadam",Drama,2,
2011,Rajmata Jijau,Yashwant Bhalkar,"Smita Deshmukh, Milind Gunaji, Amol Kolhe, Rahul Solapurkar",Epic,2,
2011,Ardha Gangu Ardha Gondya,Jr. Mehmood,"Viju Khote, Deepak Rajput, Dr. Pramod Nalawade, Kushal Badrike",Drama,2,
2011,Bhaucha Dhakka,Vicky Kharat,"Siddarth Jadhav, Mohan Joshi, Satish Taare",Comedy,2,
2011,Janma,Shirish Rane,"Rima Lagu,Anand Abhyankar, Vina Gamkar, Jayesh Raje",,2,
2011,Superstar,Mahendra Kadam,"Siddarth Jadhav, Pady Kamble, Megha",Comedy /Drama,2,
2011,2014 Raj Ka Ran,Pradeep Bhore,"Ramesh Deo, Sudesh Mhashalikar, Deepak Karanjikar",Drama,1,
2011,Ichar Tharla Pakka,Manohar Sarvankar,"Bharat Jadhav, Prachi Shah, Vijay Chavan, Rekha Bade, Dipti Ahir, Tejashree",Romance,1,
2011,Trusha,Rohaan Satghare,"Sharayu Jaywant, Shantanu Moghe, Bhushan Pradhan",Drama,1,
2011,Dnyaneshwari Express,Prakash Panchal,"Akshaya Bhingarde, Anand Abhyankar,Girish Oak",Drama film,2,
2011,Rajkaran,,,Politics,1,
2011,Khunnas,,,,2,
2011,Platform,,,,1,
2011,Dhav Manya Dhav,,,,2,
2011,Eka Shabdat Sangato,Gajendra Ahire,"Kiran Karmarkar, Murli Sharma, Ashwini Kalsekar",Action /Drama,1,
2011,Fakt Ladh Mhana,Sanjay Jadhav,"Sachin Khedekar, Bharat Jadhav, Sanjay Narvekar",Action /Drama,2,
2011,Ashi Fasli Nanachi Tang,Deepak Sawakhande,,Action /Comedy,1,
2011,Dhoosar,Amol Palekar,"Reema Lagoo, Smita Tambe, Upendra Limaye,Amruta Khanvilkar",Drama,2,
2011,Morya,Avadhoot Gupte,"Santosh Juvekar, Chinmay Mandlekar, Dilip Prabhavalkar",Drama,1,
2011,Dhoom 2 Dhamaal,Sachin Goswami,"Ashok Saraf, Pushkar Jog, Tyagraj Khadilkar, Siya Patil, Sushant Shelar",Comedy,2,
2011,Arjun (2011 film),F. M. Ilyas,"Sachit Patil, Amruta Khanvilkar, Vinay Apte",Action /Drama,0,
2011,Teecha Baap Tyacha Baap,Atul Kale,"Sachin Pilgaonkar, Arun Nalawade, Makarand Anaspure, Abhishek Sethiya, Mrinmayee Godbole",Romance/ Comedy,2,
2011,Adgula Madgula,Nagesh Bhosle,"Subodh Bhave, Girija Oak, Smita Talwalkar",Comedy /Drama,1,
2011,Tamasha - Hach Khel Udya Punha,Milind Pendnekar,"Bharat Jadhav, Priya Arun, Ramesh Bhatkar",Drama,1,
2011,Sansarachi Maya,Deepak Kadam,"Yogesh Mahajan, Maithili Javkar, Swapnil Rajshekhar",Drama,0,
2011,Deool,Umesh Vinayak Kulkarni,"Nana Patekar, Dilip Prabhavalkar, Girish Kulkarni,Sonali Kulkarni, Mohan Agashe and Kishor Kadam",Drama,2,
2011,Dubhang,Mahesh Kothare,"Adinath Kothare, Urmila Kanetkar, Ajinkya Deo",Romance/ Drama,0,
2011,Mamachya Rashila Bhacha,Pramod Joshi,"Mohan Joshi, Siddharth Jadhav, Vijay Patkar, Vijay Gokhale",Comedy,1,
2011,Swarajya... Marathi Paul Padte Pudhe,Vishal-Vihar,"Rajesh Shringapure, Darshan Jariwala, Arun Nalawade",Drama,0,
2011,Paulwaat,Aditya Ingale,"Subodh Bhave, Jyoti Chandekar, Anand Ingle",Drama,2,
2011,What An Idea Mai !,Pravin Shetye,"Usha Nadkarni, Mohan Joshi, Twisha Bhatt",Comedy /Drama,1,
2011,Hello Jai Hind!,Gajendra Ahire,"Nitin Chandrakant Desai, Trupti Bhoir, Kedar Shinde, Vinay Apte",Drama,2,
2011,Saat Bara Kasa Badalala,Deepak Kadam,"Swapnil Rajshekhar, Lokesh Gupte, Ravi Patwardhan, Tanvi Kale",Drama,0,
2011,Sagala Karun Bhagla,Vijay Patkar,"Makarand Anaspure, Chetan Dalvi, Shweta Mehendale",Drama,1,
2011,Dambis,Makrand Anaspure,"Makarand Anaspure, Subhankar Atre, Lokesh Gupte",Comedy /Drama,0,
2011,Parambi,Satish Salagre,"Bhushan Pradhan, Sai Lokur, Uday Tikekar, Vijay Gokhale",Romance/ Drama,2,
2011,Pratibimb,Girish Mohite,"Ankush Choudhary, Sonali Kulkarni, Ravindra Mankani",Suspense/ Drama,0,
2011,One Room Kitchen,Mahesh Tilekar,"Helen, Bharat Jadhav, Bhargavi Chirmule",Family /Drama,1,
2011,Sharyat,Viju Mane,"Sachin Pilgaonkar, Santosh Juvekar, Neena Kulkarni",Action /Drama,0,
2011,Tuch Khari Gharachi Laxmi,Vijay Bhanu,"Sunil Barve, Teja Devkar, Aditi Sarangdhar",Family /Drama,1,
2011,Zhakaas,Ankush Choudhary,"Ankush Choudhary, Amruta Khanvilkar, Sai Tamhankar",Comedy /Drama,2,
2010,Ramesh Deo,"Ashok Saraf, Ramesh Deo, Nitesh Khatavkar, Pady Kamble, Aniket Kelkar,Sonalee Kulkarni, Arun Nalawade, Viju Khote",Family / Drama,,0,
2010,Ravi Jadhav,"Atul Kulkarni,Sonalee Kulkarni,Kishor Kadam,Vibhavari Deshpande, Priya Berde",Musical,[1],1,
2010,Shikshanachya Aaicha Gho,Mahesh Manjrekar,"Sachin Khedekar,Bharat Jadhav, Saksham Kulkarni, Gauri Vaidya,Siddarth Jadhav, Atul Kale",Children,2,
2010,Zenda,Avdhoot Gupte,"Sachit Patil, Santosh Juvekar, Pushkar Shotri, Sunil Tawade,Chinmay Mandlekar",Politics,2,
2010,Harishchandrachi Factory,Paresh Mokashi,"Nandu Madhav,Vibhavari Deshpande, Mohit Gokhale, Atharva Karve, Vaibhav Mangle",Biographical,1,
2010,Kshanokshani,Sangeet Kulkarni,"Subhodh Bhave, Madhura Velankar-Satam, Amruta Subhash, Umesh Kamat,Dilip Prabhawalkar, Kiran Karmarkar, Atul Parchure, Ravindra Mankani, Jayant Wadkar, Uday Sabnis, Abhijeet Chavan, Manjusha Godse,Pushkar Shrotri, Kalyani Mule",Drama,0,
2010,Ringa Ringa,Sanjay Jadhav,"Sonali Kulkarni,Ajinkya Dev,Bharat Jadhav, Ankush Choudhary, Santosh Juvekar, Aditi Gowitrikar",Drama / Thriller,1,
2010,Me Mann Ani Dhruv,Aditi Deshpande,"Mahendra Agashe, Ketaki Thatte, Dhruv Pendse, Smita Tambe, Satish Pulekar",Drama,0,
2010,Huppa Huiyya,Anil Surve,"Siddharth Jadhav,Girija Oak, Mohan Joshi, Usha Nadkarni","Fantasy,Action,Drama",2,
2010,Lalbaug Parel,Mahesh Manjrekar,"Shashank Shende, Seema Biswas, Ankush Choudhary, Anusha Dandekar, Vineet Kumar, Veena Jamkar, Karan Patel,Siddharth Jadhav, Satish Kaushik, Kashmira Shah, Sameer Dharmadhikari, Ganesh Yadav, Sachin Khedekar, Vinay Apte",Drama,0,
2010,Kshanbhar Vishranti,Sachit Patil,"Bharat Jadhav, Sachit Patil, Siddharth Jadhav, Sonalee Kulkarni, Kadambari Kadam, Shubhangi Gokhale, Jayraj Nair, Nitin Jadhav",Drama,1,
2010,Irada Pakka,Kedar Shinde,"Minal Bal, Siddharth Jadhav, Smita Jaykar, Mohan Joshi, Nirmala Kotnis, Sonalee Kulkarni",Comedy,0,
2010,Vavtal,Shivaji Patil,"Tejaswini Pandit, Ashok Samarth, Mukesh Tiwari, Vinay Apte, Sunil Shinde",Action,2,
2010,Anandi Anand,Purushottam Berde,"Anandraj, Priya Bapat, Rajan Tamhane, Latika Gore, Chinmay Kolhatkar, Vikram Gokhale, Suhas Joshi, Mohan Joshi, Vandana Gupte, Mangesh Desai, Paddy Kamble, Akshya Bhingarde, Sumit Pawar, Swamini Wadkar",Family / Drama,1,
2010,Kon Aahe re Tikade,Tanaji Gadge,"Mohan Aagashe, Subhodh Bhave, Sharad Ponkshe, Sunil Godse, Mohan Joshi, Mangesh Desai, Jayant Bobde, Shubhangi Gokhale, Hemangi Kavi",Comedy,0,
2010,Krantiveer Rajguru,Ashok Kamle,"Chinmay Mandlekar, Pankaj Vishnu, Vilas Chauhan, Milind Gunaji, Suhasini Mulay, Dhanashree Chavan, Sharad Ponkshe,Anand Abhyankar, Master Ashwin Chitale",Historical,2,
2010,Ranbhool,Sanjay Surkar,"Subhodh Bhave, Tejaswini Pandit, Mohan Joshi",Drama,0,
2010,Umang,"Nitinkumar Mohanlala Bora, Pitambar Kale","Ramesh Bhatkar, Prema Kiran, Milind Shinde, Prince Bora, Ram Kajolkar, Kanchan Bora",Drama,1,
2010,Most Wanted,Rajan Prabhu,"Ashok Saraf, Milind Gawali, Deepak Shirke, Kiran Ronge, Satish Bapat",Comedy,0,
2010,Mulga,Devendra Supekar,"Dr. Amol Kolhe, Deepa Parab, Sharad Ponkshe, Teja Devkar, Vinod Kamble, Fayaz Shaikh, Ragini Samant, Anjali Ujawane",Drama,1,
2010,Pratisaad - The Response,Yogesh Dattatraya Gosavi,"Sandeep Kulkarni, Kishor Kadam, Neelam Shirke, Jayant Sawarkar, Suneel Tawade, Pragati Joshi, Aishwarya, Anand Alkunte, Aman Attar, Pratibha Date",Drama,1,
2010,Target,"Vivek Gore, Rakesh Kholam","Sanjay Narvekar, Ankush Chaudhari,Siddharth Jadhav, Swapnil Joshi, Kranti Redkar, Tejaswini Pandit, Smita Gondkar, Vinay Apte, Sanjay Mone, Manasi Naik",Drama,2,
2010,Asa Mi Tasa Mi,Rakesh Chaturvedi,"Makarand Anaspure, Rahul Mehehdale, Shweta Mehendale, Ravindra Berde, Avtar Gill, Shruthi Marathe",Comedy,2,
2010,Jhing Chik Jhing,Nitin Nandan,"Bharat Jadhav, Dilip Prabhavalkar, Madhavi Juvekar, Sanjay Mone, Chinmay Kambli, Arti More",Family / Drama,1,
2010,Mumbai-Pune-Mumbai,Satish Rajwade,"Swapnil Joshi, Mukta Barve",Romance,0,
2010,Aaya sawant jhoom ke,Rajesh Deshpande,"Makarand Anaspure, Ravindra Berde,Vaibhav Mangle","Comedy,Drama",1,
2010,Haapus,Abhijeet Satam,"Makarand Anaspure, Subodh Bhave, Madhura Velankar, Shivaji Satam, Pushkar Shotri, Sulabha Deshpande",Drama,0,
2010,Khurchi Samraat,Dattaramm Tawade,"Makarand Anaspure, Rutuja Patil, Chetan Dalvi, Kishori Ambiye, Vilas Rakate, Baal Dhuri, Usha Naik, Anuja Ranade, Shanta Tambe, N. Relekar, Surekha Kudachi, Vijay Chavan",Politics /Comedy,2,
2010,Tata Birla ani Laila,Raju Parsekar,"Ashok Saraf, Bharat Jadhav, Sheetal Jadhav, Usha Naik, Vijay Chavan, Vijay Gokhale, Ravindra Berde, Bharat Ganeshpure, Arun Kadam, Sanjay Khapre, Mohan Joshi",Comedy,0,
2010,Mission Possible,Pushkar Jog,"Pushkar Jog, Manisha Kelkar, Sai Tamhankar, Sharad Ponkshe, Niranjan Namjoshi, Astaad Kale, Shantanu Moghe",Action /Romance/ Thriller,1,
2010,Chitra,Raj Kuber,"Ankush Choudhary, Nisha Parulekar, Tejashree Pradhan, Mohan Joshi, Kuldeep Pawar",Drama,0,
2010,Jetaa,"Ajinkya Dev, Amol Shetge","Ramesh Dev, Seema Dev, Ajinkya Dev, Sharad Ponkshe, Manava Naik, Sandeep Mehta, Prasad Oak, Ravi Patwardhan",Drama,2,
2010,Aika Dajiba,Kishori Shahane,"Ashok Saraf, Kishori Shahane, Mukta Barve, Prasad Oak, Priya Bapat, Rupesh Patole, Kishori Ambiye, Dipjyoti Naik, Vinay Yedekar, Ravidra Berde and Shakti Kapoor",Comedy,1,
2010,Tee Ratra,Viju Mane,"Prasad Oak, Santosh Juvekar, Aditi Sarangdhar, Subodh Bhave, Mangesh Desai, Vaibhav Mangale",Thriller,2,
2010,Aai Tujha Aashirwad,Madhura Pandit Jasraj,"Milind Gawali, Arun Nalawade",Drama,1,
2010,Debu,Nilesh Jalamkar,"Mohan Joshi, Bharat Ganeshpure, Ashwini Ekbote, Madhu Kambikar, Ravindra Berde, Ravi Patwardhan",Drama,2,
2010,Navra Avli Baiko Lavli,Sanjeev Naik,"Prasad Oak, Siya Patil, Sai Tamhankar,Jeetendra Joshi, Shekhar Phadke, Sunil Tawde, Suhas Parajape, Usha Naik",Romance,2,
2010,Paradh,Gajendra Ahire,"Siddarth Jadhav, Makarand Anaspure, Amogh Talathi, Shahir Vitthal Umap, Ravi Kale, Vrinda Ahire, Vinay Apte",Action /Thriller,1,
2010,Sa sasucha,Kishore Pandurang Belekar,"Sunil Barve, Sonalee Kulkarni, Shubhangi Gokhale, Vinay Apte",Thriller,0,
2010,Laadi Godi,Mahesh Tilekar,"Bharat Jadhav, Deepali Sayyad, Sanjay Narvekar, Kranti Redkar, Aniket Vishwasrao, Subhodh Bhave",Comedy,1,
2010,Ajab Lagnachi Gajab Gosht,Shivdarshan-Amit,"Sai Tamhankar, Umesh Kamat, Sunil Tawde, Viju Khote, Vaibhav Mangale, Kamalakar Satpute, Vijay Patwardhan, Sanjay Khapre",Comedy,0,
2010,Khurchi Samrat,Dattaram Tawade,"Makarand Anaspure, Rutuja Patil, Chetan Dalvi, Kishori Ambiye",Comedy /Politics,2,
2010,Ved Lavi Jeeva,Mahesh Kothare,"Adinath Kothare,Vaidehi Parshurami","Romance,Action",2,
2010,Agadbam,Satish Motling,"Makarand Anaspure, Trupti Bhoir, Usha Nadkarni, Chitra Navathe, Vikas Samudre, Narayan Jadhav, Tejaswee Patil, Mahesh Kokate, Mangesh Satpute",Comedy,2,
2010,Bhairu Pailwan ki jai ho,Pravin Raja Karale,"Siddarth Jadhav, Usha Nadkarni, Ashish Pawar, Priyanka Yadav, Sanjay Belose",Comedy /Drama,1,
2010,Kas,"Mahesh Satoskar, Aruna Joglekar","Bhargavi Chirmule, Prasad Oak, Rajesh Shringapure, Anand Abhyankar",Family / Drama,1,
2010,Mani Mangalsutra,Gauri Karekar Sarwate,"Hrishitaa Bhatt, Ravindra Mankani, Anjali Kusre, Lalan Sarang",Family / Drama,2,
2010,Topi Ghala Re,Umesh Namjoshi,"Arun Nalawade, Nirmiti Sawant, Smita Talwalkar, Priya Arun, Mukta Barve, Mangesh Desai, Pushkar Shrotri, Vijay Chavan, Vijay Kadam",Comedy,1,
2010,Dho Dho Pausatil One Day Match,Nitin Kamble,"Suhas Palshikar, Vijay Chavan, Shekhar Phadke, Priyanka Yadav, Madhavi Juvekar, Ravindra Berde",Drama,2,
2010,Vacation,Deepak Sadashiv Tarker,"Satish Pulekar, Ashwini Ekbote, Anand Abhyankar, Shrikant Desai",Drama,1,
2010,Maher Maza,Abhay Kirti,"Nisha Parulekar, Mangesh Desai, Kishore Mahabole, Akshay Pendse",Drama,2,
2010,Mee Sindhutai Sapkal,Ananth Narayan Mahadevan,"Tejaswini Pandit, Jyoti Chandekar, Upendra Limaye, Neena Kulkarni, Suhas Palshikar, Charushila Sable, Ganesh Yadav, Jaywant Wadkar, Pranjal shetye",Biographical,1,
2010,Sumbaran,Gajendra Ahire,"Makarand Anaspure, Shilpa Anaspure,Jitendra Joshi, Mukta Barve, Siddharth Jadhav, Sai Tamhankar, Ravindra Mankani, Vrinda Ahire",Drama,2,
2010,Agnipariksha,Anil Surve,"Alka Kubal, Sanjay Narvekar, Mohan Joshi, Sanjay Khapre",Drama,1,
2010,Aai Raja Udo Udo,Hemchandra Sawant,"Ramesh Bhatkar, Usha Naik, Vijay Chavan",Drama,12,
2010,Vithu Maza Bhauraya,Sanjiv Kolte,"Ashoke Shinde, Minal Ghorpade, Vasant Hankare, Gajanan Gokhale, Swanand Joshi",Devotional,1,
2010,Aata pita,Uttung Shelar,"Bharat Jadhav, Sanjay Narvekar, Ashwini Apte, Girish Salvi, Pradeep kabre, Mohan Khambete, Pratibha Goregaonkar, Raju Shisadkar, Santosh Patil, Rahul Kulkarni, Rohan Bhalekar, Satish Pulekar",Comedy,2,
2010,Chandrakala,Nitin Kamble,"Vijay Chavan, Kuldeep Pawar, Anjali Joshi",Drama,1,
2010,Samudra,Gajendra Ahire,"Mohan Agashe, Sonalee Kulkarni, Sachit Patil, Sharvari Jamenis, Anand Abhyankar",Suspense,2,
2010,Aaghaat,Vikram Gokhale,"Vikram Gokhale, Mukta Barve, Kadambari Kadam, Suhas Joshi, Arun Nalawade, Madhav Abhyankar",Drama,2,
2010,Aaji aani Naat,Subhash Phadke,"Sulbha Deshpande, Tejashree Walavalkar, Ashish Kulkarni, Amruta Deshmukh, Ashok Shinde, Prajakta Kelkar",Family,1,
2010,Chal Dhar Pakad,Atmaram Dharane,"Nirmiti Sawant, Nagesh Bhosle, Priya Berde, Teja Devkar, Megha Ghadge, Siya Patil, Shital Bankar, Swati Deval",Comedy,2,
2010,Hungama,Rohan B. Shivalkar,Anshuman Vichare,Comedy,1,
2010,Marmabandh (Bonds of Heart),Dinesh P. Bhonsle,"Girish Pardeshi, Kshitij Zarapkar, Mrunal Deshpande, Nandu Madhav, Dr. Vilas Ujawne, Veena Jamkar",Drama,2,
2010,On Duty 24 Taas,Kedar Shinde,"Dr. Amol Kolhe, Kranti Redkar, Vijay Kadam, Sanjivani Jadhav, Minal Baal",Comedy /Drama,2,
2010,Ideachi Kalpana,Sachin Pilgaonkar,"Sachin Pilgaonkar, Ashok Saraf, Mahesh Kothare, Bhargavi Chirmule, Nirmiti Sawant",Comedy,1,
2010,On Duty 24 Taas,Kedar Shinde,"Dr. Amol Kolhe, Kranti Redkar, Vijay Kadam, Sanjivani Jadhav, Minal Baal",Comedy /Drama,1,
2010,Ideachi Kalpana,Sachin Pilgaonkar,"Sachin Pilgaonkar, Ashok Saraf, Mahesh Kothare, Bhargavi Chirmule, Nirmiti Sawant",Comedy,1,
2009,Mi Shivajiraje Bhosale Boltoy,Santosh Manjrekhar,"Sachin Khedekar,Makarand Anaspure, Mahesh Manjrekar, Priya Bapat",Everest Entertainment,1,
2009,Goshta Choti Dongraevadhi,Nagesh Bhonsle,"Makarand Anaspure, Nagesh Bhonsle,Sayaji Shinde, Madhavi Juvekar",,2,
2009,Bokya Satbande,Raj Pendurkar,"Aryan Narvekar,Dilip Prabhavalkar",Nishad Audio Visuals,2,
2009,Nishani Dava Angatha,Purshottam Berde,"Makarand Anaspure, Ashok Saraf, Nirmiti Sawant",Ashtavinayak Chitra,0,
2009,Hello! Gandhe Sir,"Sameer Naik, Sandeep Deshpande","Bharat Jadhav, Girish Oak",Everest Entertainment,1,
2009,Mi Shivajiraje Bhosale Boltoy,Santosh Manjrekhar,"Sachin Khedekar,Makarand Anaspure, Mahesh Manjrekar, Priya Bapat",Everest Entertainment,2,
2009,Goshta Choti Dongraevadhi,Nagesh Bhonsle,"Makarand Anaspure, Nagesh Bhonsle,Sayaji Shinde, Madhavi Juvekar",,2,
2009,Bokya Satbande,Raj Pendurkar,"Aryan Narvekar,Dilip Prabhavalkar",Nishad Audio Visuals,1,
2009,Nishani Dava Angatha,Purshottam Berde,"Makarand Anaspure, Ashok Saraf, Nirmiti Sawant",Ashtavinayak Chitra,0,
2009,Hello! Gandhe Sir,"Sameer Naik, Sandeep Deshpande","Bharat Jadhav, Girish Oak",Everest Entertainment,1,
2009,Gabhricha Paus,Satish Manwar,"Girish Kulkarni, Sonali Kulkarni,Jyoti Subhash",Everest Entertainment,0,
2009,Agnidivya,Ajit Shirole,"Mohan Agashe, Subodh Bhave,Mohan Joshi","Paras Movies, Suryaputra",1,
2009,Gandha,Sachin Kundalkar,"Girish Kulkarni,Amruta Subhash, Neena Kulkarni",Flashbulbs Ventures,2,
2009,Rita,Renuka Shahane,"Pallavi Joshi, Jackie Shroff,Renuka Shahane",Walkwater Media,1,
2009,Samaantar,Amol Palekar,"Radhika Apte, Makrand Deshpande,Amol Palekar,Sharmila Tagore",Reliance Big Pictures,2,
2009,Anolkhi Hey Ghar Maze,Sachin Deo,"Ashok Saraf,Tushar Dalvi, Kavita Lad","Akshar Films, Nomad Films",1,
2009,Jogwa,Rajiv Patil,"Upendra Limaye, Mukta Barve,Vinay Apte",iDream Productions,2,
2009,Anolkhi Hey Ghar Maze,Sachin Deo,"Ashok Saraf,Tushar Dalvi, Kavita Lad","Akshar Films, Nomad Films",1,
2009,Jogwa,Rajiv Patil,"Upendra Limaye, Mukta Barve,Vinay Apte",iDream Productions,23,
2009,Gaiir,Satish Rajwade,"Ankush Choudhary, Sandeep Kulkarni, Tejaswini Pandit,Amruta Khanvilkar",,2,
2009,Ek Cup Chya,"Sumitra Bhave, Sunil Sukthankar","Om Bhutkar, Devika Daftardar, Madan Deodhar",Everest Entertainment,1,
2008,Mi Amruta Boltey,Samruddhi Jadhav,"Madhu Kambikar, Madhura Velankar",,0,
2008,Valu (film),Umesh Vinayak Kulkarni,"Atul Kulkarni,Girish Kulkarni,Bharati Achrekar, Mohan Agashe","Girish Kulkarni,Umesh Vinayak Kulkarni",1,
2008,Checkmate,Sanjay Jadhav,"Sanjay Narvekar, Ankush Choudhary, Swapnil Joshi",Nishad Audio Visuals,0,
2008,Sasu Numbari Jawai Dus Numbri,Vijay Patkar,"Makarand Anaspure, Pradnya Jadhav, Nirmiti Sawant",Everest Entertainment,1,
2008,Jawai Maaza Bhala,Adwait Dadarkar,"Vikram Gokhale, Amita Khopkar, Jayant Savarkar",Everest Entertainment,1,
2008,Full 3 Dhamaal,Mahesh Kothare,"Makarand Anaspure,Priya Arun, Prasad Oak",Kothare & Kothare Vision,1,
2008,Sakhi,Sanjay Surkar,"Ashok Saraf, Sonali Kulkarni, Subodh Bhave","Shri Chintamani Vision,Everest Entertainment",2,
2008,De Dhakka,"Atul Kale, Sudesh Manjrekar","Makarand Anaspure,Shivaji Satam,Siddharth Jadhav",Zee Talkies,1,
2008,Sanai Choughade,Rajiv Patil,"Sai Tamhankar,Santosh Juvekar,Shreyas Talpade, Subodh Bhave, Tushar Dalvi",Everest Entertainment,0,
2008,Doghat Tisra Aata Sagala Visara,Kaanchan Adhikkari,"Makarand Anaspure, Mohan Joshi, Mrunmayee Lagoo",,1,
2008,Doghat Tisra Aata Sagala Visara,Kaanchan Adhikkari,"Makarand Anaspure, Mohan Joshi, Mrunmayee Lagoo",,0,
2008,Baap Re Baap Dokyala Taap,Kaanchan Adhikkari,"Makarand Anaspure, Vandana Gupte, Siddharth Jadhav",Everest Entertainment,1,
2008,Hari Om Vithala,Saad Dalvi,"Makarand Anaspure, Amita Khopkar, Nisha Parulekar",Everest Entertainment,0,
2008,Uladhaal,Aditya Sarpotdar,"Makarand Anaspure, Subodh Bhave, Ankush Choudhary,Bharat Jadhav,Siddharth Jadhav",Vishwas Chitra,2,
2008,Ek Daav Dhobhi Pachhad,Satish Rajwade,"Ashok Saraf,Mukta Barve,Subodh Bhave, Prasad Oak",Shree Mangesh Films,1,
2008,Hari Om Vithala,Saad Dalvi,"Makarand Anaspure, Amita Khopkar, Nisha Parulekar",Everest Entertainment,1,
2008,Uladhaal,Aditya Sarpotdar,"Makarand Anaspure, Subodh Bhave, Ankush Choudhary,Bharat Jadhav,Siddharth Jadhav",Vishwas Chitra,0,
2008,Ek Daav Dhobhi Pachhad,Satish Rajwade,"Ashok Saraf,Mukta Barve,Subodh Bhave, Prasad Oak",Shree Mangesh Films,1,
2008,Uladhaal,Aditya Sarpotdar,"Makarand Anaspure, Subodh Bhave, Ankush Choudhary,Bharat Jadhav,Siddharth Jadhav",Vishwas Chitra,0,
2008,Ek Daav Dhobhi Pachhad,Satish Rajwade,"Ashok Saraf,Mukta Barve,Subodh Bhave, Prasad Oak",Shree Mangesh Films,1,
2008,Ek Daav Dhobhi Pachhad,Satish Rajwade,"Ashok Saraf,Mukta Barve,Subodh Bhave, Prasad Oak",Shree Mangesh Films,1,
2007,Dohaa,Pushkaraj Raj Paranjpe,"Leena Bhagwat, Abhay Mahajan, Suhas Palshikar",Magic Eye Films,2,Drama
2007,Jau Tithe Khau,Abhay Kirti,"Makarand Anaspure, Kuldip Pawar, Dipali Sayyad","Everest Entertainment, Paandav Productions",2,Comedy
2007,Arre... Devaa!,Hemant Deokar,"Makarand Anaspure, Surekha Kudachi, Arun Nalawade",Everest Entertainment,1,Drama film
2007,Lagnacha Dhumdhadaka,Pitambar Kale,"Vijay Chavan, Bharat Jadhav, Sanjay Narvekar",Everest Entertainment,1,Romance
2007,Zabardast,Mahesh Kothare,"Pushkar Jog, Manasi Naik,Sanjay Narvekar",S J Films,1,"Action,Adventure,Drama"
2007,Lagnacha Dhumdhadaka,Pitambar Kale,"Vijay Chavan, Bharat Jadhav, Sanjay Narvekar",Everest Entertainment,2,Romance
2007,Zabardast,Mahesh Kothare,"Pushkar Jog, Manasi Naik,Sanjay Narvekar",S J Films,1,"Action,Adventure,Drama"
2007,Bakula Namdev Ghotale,Kedar Shinde,"Bharat Jadhav, Siddharth Jadhav, Vijay Chavan",Shemaroo Films,2,Comedy film
2007,Bharat Aala Parat,Vijay Gokhale,"Bharat Jadhav,Ramesh Bhatkar, Vijay Chavan",,0,
2007,Saade Maade Teen,"Ankush Choudhary,Sachit Patil","Ashok Saraf, Makarand Anaspure, Bharat Jadhav,Amruta Khanvilkar,Siddharth Jadhav",,1,Comedy
2007,Kadachit,Chandrakant Kulkarni,"Ashwini Bhave, Sachin Khedekar, Sadashiv Amrapurkar",Kasa Films,0,"Drama,Mystery,Thriller"
2007,Mumbaicha Dabewala,Manohar Sarvankar,"Smitha Gondkar, Bharat Jadhav, Deepali Saiyyed",Everest Entertainment,2,Drama
2007,Nirop,Sachin Kundalkar,"Sameer Dharmadhikari, Devika Daftardar, Gauri Kulkarni",,0,National Film Award for Best Feature Film in Marathiin 2007
2007,Gadhvache Lagna,Raju Phulkar,"Makarand Anaspure,Sonalee Kulkarni,Gazhal Dabholkar,Sanjay Khapre",,1,Sonalee Kulkarni'sMarathi Moviedebut
2007,Gojiri,Viju Mane,"Sunil Barve, Madhura Velankar,Abhijeet Chavan",,0,
2007,Jinki Re Jinki,Rishi Deshpande,"Sharad Mone, Tanay Dighe, Devashis Paranjpe",,2,
2007,Savalee,Rajendra Talak,"Reema Lagoo, Swapnil Bandodkar, Urmila Kanitkar",,1,
2007,Aevdhese Aabhal,Bipin Nadkarni,"Pratiksha Lonkar, Hrutvik Nadkarni, Ashok Shinde",,1,
2007,Soor Rahu De,"Mohan Jawade, Mangesh Kadam","Sunil Barve, Shubhangi Gokhale, Kshitij Jharapkar",,1,
2007,Maherchi Maaya,Satish Ranadive,"Master Abu, Kishori Ambiye, Milind Gawli",,0,
2006,Matichya Chuli,"Atul Kale, Sudesh Manjrekar","Ankush Choudhary, Madhura Velankar,Sudhir Joshi,Vandana Gupte,Anand Abhyankar","Ashwami Films, Everest Entertainment",2,"Comedy,Drama"
2006,Kshan,Mandar Devasthali,"Subodh Bhave, Deepa Parab, Prasad Oak",Amol Production,2,"Drama,Romance"
2006,Hee Porgi Kunachi,Girish Mohite,"Kadambari Kadam, Arun Nalawade, Nirmiti Sawant, Swati Chitnis",Amol Production,1,"Drama,Romance"
2006,Yanda Kartavya Aahe,Kedar Shinde,"Ankush Choudhary,Smita Shewale,Mohan Joshi","Everest Entertainment, Nova Advertising Palace",2,"Comedy,Romance"
2006,Shubh Mangal Savdhan,Mahesh Kothare,"Urmila Kanitkar, Niranjan Namjoshi,Ashok Saraf,Makarand Anaspure","Everest Entertainment, Mangal Sandhya Pictures",1,"Drama,Comedy"
2006,Raasta roko,Devashish Shedge,"Mrinal Kulkarni, Sanjay Mone,Sachit Patil",Anubhuti Arts,2,Drama
2006,Anandache Jhaad,Sanjay Surkar,"Sunil Barve, Prashant Damle,Suhas Joshi",Everest Entertainment,1,Drama
2006,Hee Shrinchi Ichha,Madhusudan Kalekar,"Nayan Joshi, Vijay Joshi,Ravindra Mankani",Everest Entertainment,2,Drama
2006,Majha Navra Tujhi Bayko,Kedar Shinde,"Bharat Jadhav, Ankush Choudhary, Kranti Redkar",Shemaroo Films,1,Comedy
2006,Gauri (film),Vijay Bhanu,"Priya Bhende, Raghavendra Kadkol, Kuldip Pawar",Everest Entertainment,2,Drama
2006,Shevri,Gajendra Ahire,"Nina Kulkarni, Mohan Agashe, Uttara Baokar",November 2006 (India),1,National Film Award for Best Feature Film in Marathiin 2006
2006,Bayo,Gajendra Ahire,"Vikram Gokhale, Mrinal Kulkarni, Shreyas Talpade",March 2006 (India),2,
2006,Sawal Majha Premacha,Kumar Sohoni,"Vijay Chavan, Ajinkya Deo, Madhu Kambikar",September 2006(India),2,
2006,"Pahili Sher, Dusri Savvasher, Navara Pavsher",Pitambar Kale,"Ashok Saraf, Surekha Kudachi, Sarika Nilatkar",,1,
2006,Jatra,Kedar Shinde,"Bharat Jadhav, Siddharth Jadhav, Priya Arun",,1,
2006,Badha,"Sumitra Bhave, Sunil Sukthankar","Uttara Baokar, Renuka Daftardar, Amruta Subhash",,2,
2006,Sail,Gajendra Ahire,"Sandip Jadhav, Mohan Joshi, Reema Lagoo",,1,
2006,Restaurant,Sachin Kundalkar,"Hemu Adhikari, Uttara Baokar, Sameer Dharmadhikari",,0,
2006,Chashme Bahaddar,Vijay Patkar,"Sanjay Narvekar, Dipali Sayyad, Rasika Joshi, Vijay Chavan",9/1/2006,1,
2006,Nana Mama,Sameer Kulkarni,"Bharat Jadhav, Makarand Anaspure, Vijay Chavan",,2,
2006,Aai Shappath..!,Sanjay Surkar,"Mansi Salvi, Shreyas Talpade, Ankush Choudhary",7/1/2006,1,
2006,Aaila Re!!,Deepak Naidu,"Ankush Choudhary,Jitendra Joshi, Pallavi Subhash",,2,
2006,Nital,"Sumitra Bhave, Sunil Sukthankar","Devika Daftardar, Shekhar Kulkarni, Uttara Baokar",,1,
2006,Lapun Chapun,Kumar Sohoni,"Vikram Gokhale, Bharat Jadhav, Kavita Lad",October 2006 (India),2,
2006,Divasen Divas,Gajendra Ahire,"Bharati Achrekar, Sunil Barve, Vandana Gupte",,1,
2006,Shevri,Gajendra Ahire,"Nina Kulkarni, Mohan Agashe, Uttara Baokar",November 2006 (India),2,National Film Award for Best Feature Film in Marathiin 2007
2006,Bayo,Gajendra Ahire,"Vikram Gokhale, Mrinal Kulkarni, Shreyas Talpade",March 2006 (India),1,