YEAR,TITLE,Genre,DIRECTOR,CAST,Level
2005,Achuvinte Amma,,Sathyan Anthikkad,"Narain, Meera Jasmine",1
2005,Albhuthadweep,,Vinayan,"Prithviraj, Mallika Kapoor",1
2005,Alice in Wonderland,,Sibi Malayil,"Jayaram, Vineeth, Laya, Sandhya",1
2005,Ananthabhadram,,Santhosh Sivan,"Prithviraj, Kalabhavan Mani, Kavya Madhavan, Riya Sen",1
2005,Annorikkal,,Sathyachandran Wayanad,"Kalabhavan Mani, Narain, Kavya Madhavan",1
2005,Banglavil Outha,,Santhivila Dinesh,"Lal, Sajan Surya, Bhavana",1
2005,Ben Johnson,,Anil C. Menon,"Kalabhavan Mani, Indraja",1
2005,Bharathchandran I.P.S.,,Ranji Panickar,Suresh Gopi,1
2005,Boy,,Vinayan,Manikkuttan,1
2005,Bus Conductor,,V. M. Vinu,"Mammootty, Jayasurya, Bhavana",1
2005,By the People,,Jayaraj,Narain,1
2005,Chandrolsavam,,Ranjith,"Mohanlal, Meena",1
2005,Chanthupottu,,Laljose,"Dileep, Gopika",1
2005,Daivanamathil,,Jayaraj,"Prithviraj, Bhavana",1
2005,December,,,,1
2005,Deepangal Sakshi,,K. B. Venu,"Indrajith Sukumaran, Manoj K. Jayan, Navya Nair",1
2005,Finger Print,,Satish Paul,"Jayaram, Indrajith, Gopika",1
2005,Five Fingers,,Sanjeev Raj,"Kunchacko Boban, Karthika",1
2005,Hai,,K. R. Ramdas,"Jagathy Sreekumar, Riyas Khan",1
2005,Hridayathil Sookshikkan,,Rajesh Pillai,"Kunchako Boban, Bhavana Menon",1
2005,Immini Nalloraal,,Rajasenan,"Jayasurya, Navya Nair",1
2005,Iruvattam Manavaatti,,Sanal,"Kunchacko Boban, Kavya Madhavan",1
2005,Isra,,Prakash Chokkad,"Jagathy Sreekumar, Riyas Khan",1
2005,Junior Senior,,G. Sreekandan,"Kunchako Boban, Mukesh",1
2005,Kalyana Kurimanam,,,"Abbas, Vijayaraghavan",1
2005,Kanne Madanguka,,Alberrt Antoni,"Murali, Navya Nair",1
2005,Kochi Rajavu,,Johny Antony,"Dileep, Kavya",1
2005,Krithyam,,Viji Thampi,"Prithviraj, Pavithra",1
2005,Lokanathan IAS,,Anil,Kalabhavan Mani,1
2005,Maanikyan,,K. K. Haridas,Kalabhavan Mani,1
2005,Makalkku,,Jayaraj,"Suresh Gopi, Shobana",1
2005,Maniyarakallan,,Rajan P. Dev,,1
2005,Manjupeyyum Munpe,,,,1
2005,Mayookham,,Hariharan,"Saiju Kurup, Mamta Mohandas",1
2005,Naran,,Joshy,Mohanlal,1
2005,Nerariyan CBI,,K. Madhu,"Mammootty, Mukesh",1
2005,Oraal,,Kukku Surendran,Mukesh,1
2005,Oridam,,Pradeep Nair,Geethu Mohandas,1
2005,Otta Nanayam,,Suresh Kannan,"Dinu Dennis, Priyamani",1
2005,Pandippada,,Rafi Mecartin,"Dileep, Navya Nair",1
2005,Pauran,,Sundardas,Jayaram,1
2005,Police,,V.K. Prakash,"Prithviraj, Indrajith, Bhavana",1
2005,Ponmudipuzhayorathu,,Johnson Esthappan,"Aravind, Sheela",1
2005,Raappakal,,Kamal,"Mammootty, Nayanthara",1
2005,Rajamanikyam,,Anwar Rasheed,"Mammootty, Rahman",1
2005,Sarkkar Dada,,Sasisankar,Jayaram,1
2005,Seelabathi,,Sarathchandran Wayanadu,"Narain, Kavya Madhavan",1
2005,Thanmathra,,Blessy,"Mohanlal, Meera Vasudev",1
2005,Thaskara Veeran,,"Pramod,Pappan","Mammootty, Nayanthara",1
2005,The Campus,,Mohan,"Madhu Warrier, Saji Soman",1
2005,The Tiger,,Shaji Kailas,"Suresh Gopi, Gopika",1
2005,Thommanum Makkalum,,Shafi,"Mammootty, Lal",1
2005,Udayananu Tharam,,Roshan Andrews,Mohanlal,1
2005,Udayon,,Bhadran,Mohanlal,1
2005,Ullam,,M. D. Sukumaran,"Suresh Gopi, Geethu Mohandas",1
2006,Aanachandam,,Jayaraj,"Jayaram, Ramya Nambeeshan",1
2006,Achante Ponnumakkal,,Akhilesh Guruvilas,"Murali, Sai Kumar",1
2006,Achanurangatha Veedu,,Lal Jose,"Salim Kumar, Samvrutha Sunil",1
2006,Anuvaadamillathe,,I. V. Sasi,,1
2006,Ashwaroodan,,Jayaraj,"Suresh Gopi, Padmapriya",1
2006,Baba Kalyani,,Shaji Kailas,"Mohanlal, Mamta Mohandas",1
2006,Bada Dosth,,Vijy Thampi,"Suresh Gopi, Siqqique",1
2006,Balram vs. Taradas,,I. V. Sasi,"Mammootty, Katrina Kaif",1
2006,Bhargavacharitham Moonam Khandam,,Jomon,"Mammotty, Sreenivasan",1
2006,Chacko Randaaman,,Sunil Karyatukara,Kalabhavan Mani,1
2006,Chess,,Raj Babu,Dileep,1
2006,Chinthamani Kolacase,,Shaji Kailas,Suresh Gopi,1
2006,Chiratta Kalippattangal,,Jose Thomas,Mukesh,1
2006,Classmates,,Lal Jose,"Kavya Madhavan, Prithviraj, Narain, Indrajith",1
2006,Colourful,,Naser Azeez,,1
2006,Ekantham,,Madhu Kaithapram,"Thilakan, Murali",1
2006,Ennittum,,Ranjith Lal,"Dinu Dennis, Jagathy Sreekumar",1
2006,Highway Police,,Prasad Valachery,Babu Antony,1
2006,Jayam,,Sonu Sisupal,,1
2006,Kalabham,,Anil,"Bala, Navya Nair",1
2006,Kanaka Simhasanam,,Rajasenan,Jayaram,1
2006,Karutha Pakshikal,,Kamal,"Mammootty, Padmapriya",1
2006,Keerthi Chakra (film),,Major Ravi,Mohanlal,1
2006,Kilukkam Kilukilukkam,,Sandhya Mohan,"Mohanlal, Kunchacko Boban, Jayasurya, Jagathy Sreekumar",1
2006,Kisan,,Sibi Malayil,"Kalabhavan Mani, Biju Menon, Bhavana Menon",1
2006,Lanka,,A. K. Sajan,"Suresh Gopi, Mamta Mohandas",1
2006,Lion,,Joshy,"Dileep, Kavya Madhavan",1
2006,Madhuchandralekha,,Rajasenan,"Jayaram, Urvashi",1
2006,Mahha Samudram,,S. Janardanan,"Mohanlal, Laila",1
2006,Moonnamathoral,,V. K. Prakash,"Jayaram, Samvritha",1
2006,Narakasuran,,K. R. Ramdas,"Riyaz Khan, Jagadeesh, Salim Kumar",1
2006,Nilavupole,,Ramana,"Tarun, Shriya",1
2006,Notebook,,Rosshan Andrrews,"Roma Asrani, Parvati Menon, Maria Roy, Sanjay",1
2006,November Rain,,Vinu Joseph,,1
2006,Nottam,,Sasi Paravur,"Arun, Samvrutha",1
2006,Onnara Vattu,,,,1
2006,Oruvan,,Vinu Anand,Indrajith Sukumaran,1
2006,Out of Syllabus,,Viswanathan,,1
2006,Pachakuthira,,Kamal,"Dileep, Gopika",1
2006,Pakal,,M. A. Nishad,Prithviraj,1
2006,Palunku,,Blessy,"Mammootty, Jagathy Sreekumar",1
2006,Parayam,,Anil,"Jishnu, Bhavana Menon",1
2006,Pathaaka,,K. Madhu,Suresh Gopi,1
2006,Photographer,,Ranjan Pramod,Mohanlal,1
2006,Pothan Vava,,Joshi,"Mammooty, Usha Uthup, Bijukkuttan",1
2006,Prajapathy,,Ranjith,Mammotty,1
2006,Pulijanmam,,Priyanandanan,"Murali, Samvrutha Sunil",1
2006,Raashtram,,Anil C. Menon,Suresh Gopi,1
2006,Rasathanthram,,Satyan Anthikad,"Mohanlal, Meera Jasmine",1
2006,Ravanan,,Jojo K. Varghees,"Kalabhavan Mani, Reni",1
2006,Red Salute,,Vinod Vijayan,Kalabhavan Mani,1
2006,Saira,,Dr. Biju,"Nedumudi Venu, Navya Nair",1
2006,Smart City,,Unnikrishnan B.,"Suresh Gopi, Gopika, Manoj K. Jayan, Murali",1
2006,Thanthra,,K. J. Bose,Siddique,1
2006,The Don,,Shaji Kailas,Dileep,1
2006,Thuruppu Gulan,,Johny Antony,"Mammooty, Sneha",1
2006,Vaasthavam,,M. Padmakumar,"Prithviraj, Kavya Madhavan",1
2006,Vargam,,M. Padmakumar,"Prithviraj, Renuka Menon",1
2006,Vrindavanam,,Vishwanathan,,1
2006,Vadakkumnathan,,Shajoon Karyal,"Mohanlal, Padmapriya",1
2006,Yes Your Honour,,V. M. Vinu,"Sreenivasan, Padmapriya",1
2006,Ammathottil,,,,1
2006,Narakaasuran,,,,1
2006,Meghavarsham,,,,1
2006,Shyaamam,,,,1
2006,Kali,,,,1
2006,Arunam,,,,1
2006,Aadu Thoma,,,,1
2006,Chakkara Muthu,,,,1
2006,Interpol,,,,1
2006,Raagolsavam,,,,1
2006,Mukhamariyaathe,,,,1
2006,Baalyam,,,,1
2006,Mouryan,,,,1
2006,Baba Kalyani,,,,1
2006,Indraneelam,,,,1
2006,Valathukaal Vachu,,,,1
2006,9 KK Road,,,,1
2007,Naalu Pennungal,,Adoor Gopalakrishnan,"Padmapriya, Kavya Madhavan, Geethu Mohandas, Nandita Das, Manju Pillai",2
2007,Ore Kadal,,Shyama Prasad,"Mammootty, Meera Jasmine, Ramya Krishnan",2
2007,Thaniye,,Babu Thiruvalla,"Nedumudi Venu, Lakshmi Gopalaswamy",2
2007,Paradesi,,P.T. Kunju Muhammed,"Mohanlal, Padmapriya, Lakshmi Gopalaswamy",2
2007,Ottakkayyan,,G R Indugopan,"Harisree Ashokan, Rani Babu, Ashokan, T G Ravi",2
2007,Arabikkatha,,Lal Jose,"Sreenivasan, Zhang Shu Min",2
2007,Kaiyoppu,,Renjith,"Mammootty, Khushboo",2
2008,Of The People,,Jayaraj,"Arun, Padmakumar, Arjun",2
2008,Novel,,East Coast Vijayan,"Jayaram, Sadha",2
2008,Roudram,,Ranji Panicker,Mammootty,2
2008,College Kumaran,,Thulasidas,"Mohanlal, Vimala Raman",2
2008,Sound of Boot,,Shaji Kailas,Suresh Gopi,2
2008,Calcutta News,,Blessy,Dileep,2
2008,Cycle,,Johny Antony,"Vineeth Sreenivasan, Bhama, Vinu Mohan, Sandhya,Jagathy Sreekumar",2
2008,Malabar Wedding,,Rajesh-Faisal,"Indrajith, Gopika",2
2008,Kerala Police,,Chandrashekaran,"Kalabhavan Mani, Swarnamalya, Lakshmi Sharma",2
2008,Shalabham,,Suresh Palanshery,"Ramya Nambeeshan, Sudheesh, Kaithapram Damodaran Namboothiri",2
2008,Mohitham,,Saleem Baba,"Rajin Roshan, Kollam Thulasi, Sphadikam George",2
2008,Gopalapuranam,,K. K. Haridas,"Mukesh, Saikumar",2
2008,Jubilee,,G George,"Innocent, Saikumar, Jagathy, Manoj K. Jayan",2
2008,Innathe Chinthavisheyam,,Sathyan Anthikkad,"Mohanlal, Meera Jasmine",2
2008,Currency,,Swathy Bhaskar,"Jayasurya, Mukesh, Kalabhavan Mani",2
2008,De Ingottu Nokkiye,,Balachandra Menon,"Jayasurya, Jagathy Sreekumar, Sarah, Thilakan,Edavela Babu",2
2008,Innathe Chintha Vishayam,,Sathyan Anthikkad,"Mohanlal, Meera Jasmine, Mamukkoya",2
2008,Mulla,,Lal Jose,Dileep,2
2008,Pachamarathanalil,,Leo Thaddeus,"Sreenivasan, Padmapriya, Sukanya",2
2008,Positive,,V. K. Prakash,"Jayasurya, Suraj Venjaramood, Manikkuttan,Saikumar",2
2008,Shakespeare M.A. Malayalam,,Shaiju - Shaji,"Jayasurya, Roma, Kalabhavan Mani, Jagathy Sreekumar",2
2008,Swarnam,,Venugopan,"Kalabhavan Mani, Jagathy Sreekumar, Murali",2
2008,Aandavan,,Akbar Jose,"Kalabhavan Mani, Sindhu Menon, Jagathy Sreekumar",2
2008,Annan Thambi,,Anwar Rasheed,Mammootty,2
2008,Akasha Gopuram,,Henrik Ibsen (story); K. P. Kumaran (script),"Mohanlal, Sreenivasan, Nithya Menen",2
2008,Mizhikal Sakshi,,Ashok R. Nath,"Mohanlal, Sukumari, Nedumudi Venu, Mala Aravindan",2
2008,Magic Lamp,,Haridas,"Jayaram, Meena Durairaj, Divya Unni, Oduvil Unnikrishnan",2
2008,One Way Ticket,,Bipin Prabhakar,"Mammootty, Prithviraj Sukumaran, Bhama, Jagathy Sreekumar, Thilakan",2
2008,Madambi,,B. Unnikrishnan,"Mohanlal, Kavya Madhavan",2
2008,Minnaminnikkoottam,,Kamal,"Narain, Indrajith, Jayasurya, Samvrutha Sunil, Meera Jasmin, Roma",2
2008,Parunthu,,M. Padmakumar,"Mammootty, Lakshmi Rai, Jagathy Sreekumar",2
2008,Laptop,,Rupesh Paul,"Suresh Gopi, Padmapriya",2
2008,Kanichukulangarayil CBI,,Suresh Vinu,"Manoj K. Jayan, Saikumar",2
2008,Kabadi Kabadi,,Sudheer Manu,"Kalabhavan Mani, Mukesh, Rambha",2
2008,Aayudham,,Nishad,"Suresh Gopi, Karthika, Bala, Bharathi, Biju Menon",2
2008,SMS,,Surjulan,"Bala, Navya Nair, Mukesh",2
2008,Veruthe Oru Bharya,,Akku Akbar; Gireesh Kumar,"Jayaram, Gopika",2
2008,Parthan Kanda Paralokam,,Anil,"Jayaram, Sreedevika",2
2008,Thirakkatha,,Ranjith,"Prithviraj, Priyamani, Anoop Chandran",2
2008,Thalappavu,,Madhupal,Prithviraj,2
2008,Chithrasalabhangalude Veedu,,Krishnakumar,Master Ganapathy,2
2008,Apoorva,,Nithin Ramakrishnan,"Sajeev, Helen, Ajay Sathyan",2
2008,Adayalangal,,M. G. Sasi,"Govind Padmasurya, Jyothirmayi, T. G. Ravi",2
2008,Kurukshetra,,Major Ravi,Mohanlal,2
2008,Mayabazar,,T. A. Razakh,Mammootty,2
2008,Rathri Mazha,,Lenin Rajendran,"Vineeth, Meera Jasmin, Manoj K. Jayan, Biju Menon",2
2008,Gulmohar,,Jayaraj,"Renju, Siddique, Neena Mathew",2
2008,Twenty:20,,Joshy; Uday Krishnan-Sibi Thomas,"Mammootty, Mohanlal, Suresh Gopi, Jayaram, and many members of AMMA",2
2008,Thavalam,,Baiju,"Suresh Gopi, Baby Diya, Rithya",2
2008,Pakal Nakshatrangal,,Rajiv Nath,"Mohanlal, Suresh Gopi",2
2008,Sultan,,Sreeprakash,"Vinu Mohan, Varada, Anoop Chandran, Sreejith Ravi",2
2008,Crazy Gopalan,,Deepu Karunakaran,"Dileep, Salim Kumar, Harisree Ashokan, Manoj K. Jayan",2
2008,LollyPop,,Shafi,"Kunchacko Boban, Prithviraj Sukumaran, Jayasurya,Bhavana Menon, Roma",2
2008,Chempada,,Robin Thirumala,"Bala, Sridevika",2
2008,Bullet,,Nissar,"Suresh Gopi, Kalabhavan Mani",2
2009,Oru Pennum Randaanum,,Adoor Gopalakrishnan,"M.R.Gopakumar, Seema G. Nair,Nedumudi Venu, Sudheesh, Praveena,Jagadish etc.",2
2009,Pazhassi Raja,,Hariharan,"Mammootty, Sarath Kumar, Kaniha,Manoj K. Jayan, Padmapriya",2
2009,Vilapangalkkappuram,,T. V. Chandran,"Priyanka, Biju Menon, Suhasini",2
2009,Raamanam,,M. P. Sukumaran Nair,"Jagathy Sreekumar, Indrans, Mamukkoya",2
2009,Paleri Manikyam: Oru Pathira Kolapathakathinte Katha,,Ranjith,"Mammootty, Shweta Menon,Sreenivasan, Siddique, Gowri Munjal,Mythili",2
2009,Kerala Cafe,,"Coordinated by Renjith and substituted by the following 10 directors:Lal Jose, Shaji Kailas, Anwar Rasheed, Shyama Prasad, Revathy, B. Unnikrishnan, M. Padmakumar, Anjali Menon, Uday Ananthan andShankar Ramakrishnan","Mammootty, Suresh Gopi, Salim Kumar,Dileep, Prithviraj Sukumaran, Jayasurya,Shweta Menon, Suraj Venjaramoodu,Navya Nair, etc.",2
2009,Bhramaram,,Blessy,"Mohanlal, Bhumika Chawla, Suresh Menon, Murali Gopy",2
2009,Ritu,,Shyamaprasad,"Nishan, Rima Kallingal, Asif Ali",2
2009,Patham Nilayile Theevandi,,Joshi Mathew,"Jayasurya, Meera Nandan, Innocent",2
2009,Passenger,,Ranjith Sankar,"Sreenivasan, Dileep, Mamta Mohandas",2
2010,Black Stallion,,Pramod - Pappan,"Kalabhavan Mani, Namitha, Bala,Ashish Vidyarthi",2
2010,"Kanmazha Peyyum Munpe
( കന്മഴ പെയ്യും മുമ്പേ )",,Roy,"Shafna, Arun, Thilakan",2
2010,Happy Husbands,,saji Surendran,"Jayaram, Jayasurya, Indrajith,Bhavana, Samvrutha, Vandana,Rima",2
2010,"Brahmasthram
( ബ്രഹ്മാസ്ത്രം )",,V.Somanath,"Saiju Kurup, Jagathy",2
2010,"Punyam Aham
( പുണ്യം അഹം )",,Raj Nair,"Prithviraj, Samvrutha, Nedumudi Venu",2
2010,Bodyguard,,Siddique,"Dileep, Nayanthara, Mithra Kurian, Thyagarajan, Undapakru",2
2010,Drona 2010,,Shaji Kailas,"Mammootty, Kanika, Thilakan,Navya Nair, Manoj K.Jayan,Dhanya Mary Varghese",2
2010,Senior Mandrake,,Ali Akbar,"Jagathy Sreekumar, Charutha,Jagadeesh, Kalpana, Suraj Venjaramood",2
2010,"Thathwamasi
( തത്ത്വമസി )",,Viswa Chaithanya,"Vineeth, Lakshmi Gopalaswamy,Manikuttan",2
2010,"Yugapurushan
( യുഗപുരുഷൻ )",,R. Sukumaran,"Thalaivasal Vijay, Mammootty,Kalabhavan Mani, Babu Antony,Navya Nair",2
2010,"Aagathan
( ആഗതൻ)",,Kamal,"Dileep, Charmy, Sathyaraj,Innocent, Biju Menon",2
2010,"Annarakannanum Thannalayathu
( അണ്ണാറക്കണ്ണനും തന്നാലായതു്)",,Prakash,"Kalabhavan Mani, Jayashree,Suraaj, Nakshatra, Jagathy Sreekumar, Thilakan",2
2010,"Sufi Paranja Katha
(സൂഫി പറഞ്ഞ കഥ )",,Priyanandanan,"Prakash, Sona Nair, Sharbani Mukherjee, Thampy Antony,Samvrutha, Jagathy",2
2010,"Cheriya Kallanum Valiya Policum
( ചെറിയ കള്ളനും വലിയ പോലീസും )",,Haridas Kesavan,"Mukesh, Jagadish, Vidya,Dhanya Mary Varghese",2
2010,"Nanthuni
( നന്തുണി )",,Hari Narayanan,"Vijayaraghavan, Mithuna, Govindhan Kutty",2
2010,"Valiyangadi
( വലിയങ്ങാടി)",,Salim Baba,"Manikuttan, Shwetha Menon",2
2010,"Kausthubham
( കൗസ്തുഭം )",,Sajeev Kilikulam,"Saikumar, Sukumari, Karthika",2
2010,"Nayakan
( നായകൻ )",,Lijo Jose Pellisery,"Indrajith, Dhanya Mary Varghese, Thilakan",2
2010,"Thanthonni
( താന്തോന്നി )",,George Varghese,"Prithviraj, Sheela, Ambika, Suraj Venjaramood",2
2010,In Ghost House Inn,,Lal,"Mukesh, Siddique, Jagadish,Ashokan, Nedumudi Venu,Lakshmi Rai",2
2010,"Pramani
( പ്രമാണി )",,B. Unnikrishnan,"Mammootty, Siddique, Prabhu,Sneha, Fahad Fazil, Lakshmi,Suraj Venjaramood",2
2010,"Kadaksham
( കടാക്ഷം )",,Sasi Paravoor,"Suresh Gopi, Shwetha Menon, Shwetha Vijay",2
2010,April Fool,,Viji Thampi,"Jagadish, Siddique, Nayana, Maithili, Biju Menon",2
2010,"Janakan
( ജനകൻ)",,Sanjeev N.R,"Mohanlal, Suresh Gopi,Jyothirmayi, Biju Menon,Harisree Asokan",2
2010,"Pappy Appacha
( പാപ്പി അപ്പച്ചാ )",,Mammas,"Dileep, Kavya Madhavan,Innocent, Ashokan, KPAC Lalitha, Suresh Krishna",2
2010,"Pulliman
( പുള്ളിമാൻ )",,Anil K. Nair,"Kalabhavan Mani, Meera Nandan, Salim Kumar, Ashokan,Jagathy Sreekumar",2
2010,T D Dasan Std VI B,,Mohan Raghavan,"Biju Menon, Suresh Krishna,Jagathy Sreekumar, Valsala Menon",2
2010,Pokkiri Raja ( പോക്കിരിരാജ ),,Vaishakh Abraham,"Mammootty, Prithviraj, Shriya Saran, Nedumudi Venu, Siddique",2
2010,Alexander The Great,,Murali Nagavally,"Mohanlal, Bala, Aswathy,Nedumudi Venu, Jagatheesh",2
2010,"Kadha Thudarunnu
( കഥ തുടരുന്നു )",,Sathyan Anthikkad,"Jayaram, Mamta Mohandas, Asif Ali, Innocent",2
2010,Canvas,,Shaji-Rajasekharan,"Kalabhavan Mani, Vidya",2
2010,Mummy & Me,,Jeethu Joseph,"Kunchacko Boban, Archana Kavi,Mukesh, Uravashi, Suresh Gopi,Lalu Alex",2
2010,Ringtone,,Ajmal,"Suresh Gopi, Bala, Rajan P. Dev, Megha Nair",2
2010,"Thoovalkattu
( തൂവൽക്കാറ്റു്)",,Venu B Nair,"Manoj K Jayan, Lakshmi Gopalaswamy",2
2010,"Nalla Pattukare
( നല്ല പാട്ടുകാരേ )",,K S Sivachandran,"Vijay Madhav, Najim Arshad, Sannidanandan",2
2010,Text Book,,Satheesh Kandanchira,"Ganesh, Sony, Deckey",2
2010,"Nallavan
( നല്ലവൻ )",,Aji John,"Jayasurya, Mythili, Sai Kumar,Siddique, Suraj Venjaramood",2
2010,"Oru Naal Varum
( ഒരു നാൾ വരും )",,T. K. Rajeev Kumar,"Mohanlal, Sreenivasan, Sameera Reddy, Devayani, Suraj Venjaramood",2
2010,"Apoorvaragam
( അപൂർവരാഗം )",,Sibi Malayil,"Nishan, Asif Ali,Vinay FortcochinNithya Menon",2
2010,"Malarvaadi Arts Club
( മലർവാടി ആർട്ട്സ്‌ ക്ലബ്ബ്‌ )",,Vineeth Sreenivasan,"Nivin Pauly, Sharavan, Aju, Harikrishnan, Bhagath Manuel,Suraj Venjaramoodu, Praveen, Geetu, Revathy, Nedumudi Venu, Salim Kumar, Jagathy Sreekumar",2
2010,"Sakudumbam Shyamala
( സകുടുംബം ശ്യാമള )",,Radhakrishnan Mangalath,"Urvashi, Kunchacko Boban,Bhama, Nedumudi Venu, Sai Kumar",2
2010,"Kutty Srank
( കുട്ടിസ്രാങ്കു് )",,Shaji N.Karun,"Mammootty, Kamalinee Mukherjee, Padmapriya, Meenakumari",2
2010,"Penpattanam
( പെൺപട്ടണം )",,V M Vinu,"Kailash, Vishnupriya, Shweta Menon, K.P.A.C. Lalitha,Revathy, Nedumudi Venu, Lal",2
2010,"Upadeshiyude Makan
( ഉപദേശിയുടെ മകൻ )",,Joshy Mathew,"Ganesh Kumar, Divya Unni, Kavitha Nair",2
2010,"Advocate Lakshmanan - Ladies Only
( അഡ്വക്കേറ്റ്‌ ലക്ഷ്മണൻ - ലേഡീസ്‌ ഒൺലി )",,Pappan Payattuvila,"Mukesh, Mallika Kapoor, Suraj Venjaramood",2
2010,"Avan
( അവൻ )",,Nandakumar Kavil,"Vijay Yesudas, Bala, Muktha, Riaz Khan",2
2010,"Taskkara Lahala
( തസ്ക്കര ലഹള )",,Ramesh Das,"Suraj Venjaramood, Lakshmi Sharma, Salim Kumar, Bijukuttan, Jaffer Idukki, Bheeman Reghu, Thesni Khan",2
2010,"Raama Raavanan
രാമരാവണൻ",,Biju Vattappara,"Suresh Gopi, Mithra Kurian",2
2010,"Ammanilavu
( അമ്മനിലാവു് )",,M.D.Rajendran,"Sasi Ayyanchira, Aparna, Mallika",2
2010,"Patham Adhyayam
( പത്താമദ്ധ്യായം )",,P. K. Radhakrishnan,"Bala, Udhayathara",2
2010,Plus Two,,Shebi Chavakkad,"Roshan, Vishnu Mohan, Shafna, Justing John, Deepak Murali",2
2010,"Idayan
( ഇടയൻ )",,Santosh Sauparnika,"John Mathew, Rajeev Rangan, Santosh, Sidhraj",2
2010,"Yakshiyum Njanum
( യക്ഷിയും ഞാനും )",,Vinayan,"Gautham, Meghana Raj, Jubil Raj, Thilakan",2
2010,"Paattinte Palazhy
( പാട്ടിന്റെ പാലാഴി )",,Rajeev Anchal,"Manoj K.Jayan, Meera Jasmine,Revathy, Nedumudi Venu",2
2010,"Athma Kadha
( ആത്മകഥ )",,Prem Lal,"Sreenivasan, Sharbani Mukherjee, Jagathy Sreekumar",2
2010,"Neelambari
( നീലാംബരി )",,Hari Narayanan,"Vineeth, Anoop Menon, Bhama",2
2010,"3 Char Sau Beas
( 3 ചാർ സൗ ബീസ് )",,Govindan Kutty,"Govindan Kutty, Dhanya Mary Varghese, Rahul Menon, Anu Anandhan",2
2010,Fiddle,,Prabhakaran Muthana,"Varun J. Thilak, Ayilya, Jagathy Sreekumar",2
2010,"Nirakazhcha
( നിറക്കാഴ്ച )",,Anish J. Karrinad,"Mamta Mohandas, Manoj K. Jayan, Vincenzo Bocciarelli,Nicole",2
2010,9 KK Road,,Simon Kuruvila,"Babu Antony, Vijayaraghavan, Shammi Thilakan, Nishanth Sagar",2
2010,"Inganeyum Oral
( ഇങ്ങനെയും ഒരാൾ )",,Kabeer Rowther,"Vinu Mohan, Sai Kumar, Praveena, Indrans",2
2010,24 Hours,,Aditya Sam,"Kuldeep, Manoj K. Jayan, Komal",2
2010,"Shikkar
( ശിക്കാർ )",,M. Padmakumar,"Mohanlal, Kailash, Sneha,Mythili, Lakshmi Gopalaswamy,Ananya",2
2010,"Elsamma Enna Aankutty
( എൽസമ്മ എന്ന ആൺകുട്ടി )",,Lal Jose,"Ann Augustine, Indrajith,Kunchacko Boban, Vani Kishore",2
2010,"Pranchiyettan and the Saint
( പ്രാഞ്ചിയേട്ടൻ ആന്റ്‌ ദി സെയിന്റ്‌ )",,Ranjith,"Mammootty, Siddique, Kushboo,Priyamani",2
2010,"Vande Matharam
( വന്ദേ മാതരം )",,Aravinda Raj,"Mammootty, Arjun, Sneha,Shradha Arya",2
2010,"Chekavar
( ചേകവർ )",,Sajeevann,"Indrajith, Kalabhavan Mani,Samvrutha Sunil, Sarayoo",2
2010,"Oridathoru Postman
( ഒരിടത്തൊരു പോസ്റ്റ്മാൻ )",,Shaji Aziz,"Kunchacko Boban, Sarath Kumar, Meera Nandan, Innocent",2
2010,"Anwar
( അന്‍വര്‍ )",,Amal Neerad,"Prithviraj, Mamta Mohandas, Lal,Prakash Raj",2
2010,Cocktail,,Arun Kumar,"Jayasurya, Samvrutha Sunil,Anoop Menon",2
2010,"Sadgamaya
( സദ്ഗമയ )",,Harikumar,"Suresh Gopi, Navya Nair,Shweta Menon",2
2010,Four Friends,,Saji Surendran,"Jayaram, Meera Jasmine,Jayasurya, Kunchacko Boban,Kamal Hassan",2
2010,"Kaaryasthan
( കാര്യസ്ഥൻ )",,Thomson K Thomas,"Dileep, Akhila, Vandana Menon",2
2010,"Chithrakuzhal
( ചിത്രക്കുഴൽ )",,Majeed Gulistan,"Amal Ashok, Sidharth, Meera Nair, Madhu, Vijayaraghavan,Geetha Vijayan",2
2010,Holidays,,M M Ramachandran,"Vinu Mohan, Kalabhavan Mani, Ranjith Menon, Muktha, Priya Lal",2
2010,"Pathinonnil Vyazham
( പതിനൊന്നിൽ വ്യാഴം )",,Suresh Krishna,"Mukesh, Manya",2
2010,De Nova,,Swabri,"Ajmal Ameer, Auroshika, V.K Sriraman, Kannan Malhotra",2
2010,The Thriller,,B. Unnikrishnan,"Prithviraj, Katherine Theresa,Siddique, Lalu Alex, Sampath Raj, Mallika Kapoor",2
2010,Best of Luck,,M A Nishad,"Prabhu, Urvashi, Mammootty(cameo)",2
2010,College Days,,G N Krishnakumar,"Indrajith, Bhama, Sandhya",2
2010,"Koottukar
( കൂട്ടുകാർ )",,Prasad Vaalacheril,"Vinu Mohan, Bhama",2
2010,Kanyakumari Express,,T S Suresh Babu,"Suresh Gopi, Lena, Babu Antony, Sarayu",2
2010,"Oru Small Family
( ഒരു സ്മോൾ ഫാമിലി )",,Rajasenan,"Rajasenan, Seetha, Kailash,Ananya",2
2010,"Swantham Bharya Zindabad
( സ്വന്തം ഭാര്യ സിന്ദാബാദ്‌ )",,Biju Vattappara,"Guinnes Pakru, Sruthilakshmi,Mukesh",2
2010,"Sahasram
( സഹസ്രം )",,Dr. Janardhanan,"Suresh Gopi, Lakshmi Gopalaswamy, Bala, Sarayu",2
2010,Again Kasargod Khader Bhai,,Thulasidas,"Jagadish, Radha Varma,Innocent",2
2010,Best Actor,,Martin Prackat,"Mammootty, Shruthi Krishnan, Lal, Nedumudi Venu",2
2010,"Chaverpada
(ചാവേർപ്പട)",,T. S. Jaspal,"Bala, Muktha",2
2010,"Kandahar
( കാണ്ഡഹാർ )",,Major Ravi,"Mohanlal, Amitabh Bachchan,Kaveri Jha, Parvathy Omanakuttan",2
2010,"Marykkundoru Kunjaadu
( മേരിക്കുണ്ടൊരു കുഞ്ഞാടു് )",,Shafi,"Dileep, Bhavana, Biju Menon",2
2010,Tournament,,Lal,"Fahad Fazil, Praveen, Manu, Roopa",2
2010,"Karayilekku Oru Kadal Dooram
( കരയിലേക്ക്‌ ഒരു കടൽ ദൂരം )",,Vinod Mankara,"Indrajith, Mamta Mohandas,Dhanya Mary Varghese",2
2010,"Puthumukhangal
(പുതുമുഖങ്ങൾ)",,"Don Alex,
Biju Majeed","Angel Agarwal, Silsil, Helan, Nima, Unnimaya, Suraj Venjaramoodu, Innocent, Salim Kumar",2
2010,"Nilavu
(നിലാവ്)",,Ajith Nair,"Haridas, Sunita Nedungadi, Sreelekha",2
2011,"Kayam
(കയം)",,Anil K. Nair,"Manoj K. Jayan, Bala, Shwetha Menon",2
2011,"Nakharam
(നഖരം)",,T. Deepesh,"Ganesh Kumar, Architha, Jose Thettayil, Mamukkoya, Madhupal, Sreeletha",2
2011,Traffic,,Rajesh R Pillai,"Sreenivasan, Rahman, Kunchako Boban, Asif Ali, Anoop Menon,Vineeth Sreenivasan, Sandhya, Roma, Remya Nambeesan, Lena",2
2011,"Achan
(അച്ഛൻ)",,Ali Akbar,"Thilakan, Sasi Eranjikkal",2
2011,Note Out,,Kutty Naduvil,"Nishan, Mithra Kurian, Bijukkuttan, Anoop Chandran, Sumesh, Shiya",2
2011,"Kudumbasree Travels
(കുടുംബശ്രീ ട്രാവൽസ്‌)",,Kiran,"Jayaram, Bhavana, Jagathy Sreekumar, Janardhanan, K. P. A. C. Lalitha, Radhika",2
2011,The Metro,,Bipin Prabhakar,"Sarathkumar, Bhavana, Nivin Pauly, Jagathy Sreekumar, Suraj Venjaramoodu, Suresh Krishna",2
2011,"Arjunan Saakshi
(അർജുനൻ സാക്ഷി)",,Ranjith Sankar,"Prithviraj, Ann Augustine",2
2011,"Ithu Nammude Katha
(ഇതു നമ്മുടെ കഥ)",,Rajesh Kannankara,"Nishan, Asif Ali, Abhishek, Ananya, Amala Paul, Nimisha Suresh",2
2011,"Khaddama
(ഗദ്ദാമ)",,Kamal,"Kavya Madhavan, Sreenivasan, Biju Menon",2
2011,Makeup Man,,Shafi,"Jayaram, Sheela",2
2011,Race,,Kukku Surendran,"Kunchacko Boban, Mamta Mohandas, Baby Anikha",2
2011,"Payyans
(പയ്യൻസ്‌)",,Leo Thaddeus,"Jayasurya, Anjali, Lal, Rohini, Lalu Alex",2
2011,Living Together,,Fazil,"Hemanth, Sreelekha, Sreejith, Darshak",2
2011,"Nadakame Ulakam
(നാടകമേ ഉലകം)",,Viji Thampi,"Mukesh, Vinu Mohan, Sarayu, Saranya Mohan, Jagadeesh, Suraj Venjaramoodu, Jagathy Sreekumar, Indrans",2
2011,Christian Brothers,,Joshiy,"Mohanlal, Suresh Gopi, Dileep, Sarath Kumar, Lakshmi Rai,Kanika Subramaniam, Lakshmi Gopalaswamy, Kavya Madhavan",2
2011,8/15/2015,,Shaji Kailas,"Mammootty, Nedumudi Venu, Meghana Raj, Shwetha Menon,Siddique",2
2011,"Urumi
(ഉറുമി)",,Santosh Sivan,"Prithviraj, Genelia D'Souza, Prabhu Deva, Nithya Menon, Arya,Tabu, Vidya Balan",2
2011,China Town,,Rafi Mecartin,"Mohanlal, Jayaram, Kavya Madhavan, Dileep, Poonam Bajwa,Dipa Shah",2
2011,Doubles,,Sohan Seenulal,"Mammootty, Nadia Moidu, Taapsee Pannu, Saiju Kurup",2
2011,City of God,,Lijo Jose Pellissery,"Indrajith, Prithviraj Sukumaran, Parvathi Menon, Swetha Menon,Rima Kallingal",2
2011,Mohabbath,,East Coast Vijayan,"Meera Jasmine, Anand Michael, Munna",2
2011,"Bhakthajanangalude Sradhakku
(ഭക്തജനങ്ങളുടെ ശ്രദ്ധയ്ക്ക്)",,Priyanandanan,"Kavya Madhavan, Irshad",2
2011,Lucky Jokers,,Sunil,"Suraj Venjaramoodu, Jagathy Sreekumar, Jagadeesh, Harishree Ashokan, Madhu, Vidisha",2
2011,"Melvilasom
(മേൽവിലാസം)",,Madhav Ramadasan,"Suresh Gopi, R. Parthiepan, Ashokan, Thalaivasal Vijay,Nizhalgal Ravi, Krishnakumar",2
2011,"Kalabha Mazha
(കളഭമഴ)",,P Sukumenon,"Krishna, Radhika, Thilakan",2
2011,"Manikya Kallu
(മാണിക്യക്കല്ല്)",,M. Mohanan,"Prithviraj, Samvrutha Sunil, Mukesh, Nedumudi Venu, Jagathy Sreekumar",2
2011,Seniors,,Vysakh,"Jayaram, Kunchako Boban, Biju Menon, Manoj K. Jayan,Padmapriya, Meera Nandan",2
2011,Maharaja Talkies,,Devidas Chelanatt,"Mukesh, Urvashi",2
2011,"Janapriyan
(ജനപ്രിയൻ)",,Boban Samuel,"Jayasurya, Bhama, Manoj K. Jayan, Sarayu",2
2011,"Raghuvinte Swantham Raziya
(രഘുവിന്റെ സ്വന്തം റസിയ)",,Vinayan,"Murali Krishnan, Meghana Raj, Charuhasan, Thilakan",2
2011,The Train,,Jayaraj,"Mammootty, Jayasurya, Sheena Chohan, Sabitha Jayaraj",2
2011,"Njan Sanchari
(ഞാൻ സഞ്ചാരി)",,Rajesh Balachandran,"Prashanth Punappara (Ayyappa Baiju), Sonima Sreedhar,Bheeman Raghu, Urmila Unni, Shammi Thilakan",2
2011,"Aazhakadal
(ആഴക്കടൽ)",,Shaan,"Kalabhavan Mani, Sruthi Lakshmi",2
2011,"Shankaranum Mohananum
(ശങ്കരനും മോഹനനും)",,T. V. Chandran,"Jayasurya, Meera Nandan",2
2011,"Vaadamalli
(വാടാമല്ലി)",,Albert Antoni,"Hari, Richa Panai",2
2011,"Rathinirvedam
(രതിനിർവ്വേദം)",,T. K. Rajeev Kumar,"Swetha Menon, Sreejith Vijay",2
2011,Uppukandam Brothers Back in Action,,T. S. Suresh Babu,"Srikanth, Honey Rose",2
2011,"Adaminte Makan Abu
(ആദാമിന്റെ മകൻ അബു)",,Salim Ahamed,"Salim Kumar, Zarina Wahab",2
2011,"Kanakompathu
(കാണാക്കൊമ്പത്ത്)",,Mahadevan,"Deepu Shanth, Shankar Narayanan, Vinod Kishan, Manoj K. Jayan, Mythili",2
2011,"Kottarathil Kuttibhootham
(കൊട്ടാരത്തിൽ കുട്ടിഭൂതം)",,Kumar Nanda – Basheer,"Mukesh, Jagadish",2
2011,Bombay March 12,,Babu Janardhan,"Mammootty, Roma",2
2011,Violin,,Sibi Malayil,"Asif Ali, Nithya Menon",2
2011,Three Kings,,V. K. Prakash,"Jayasurya, Kunchacko Boban, Indrajith",2
2011,Salt N' Pepper,,Aashiq Abu,"Lal, Shwetha Menon, Mythili, Asif Ali",2
2011,The Filmstaar,,Sanjeev Raj,"Kalabhavan Mani, Dileep, Rambha, Muktha",2
2011,"Chaappa Kurish
(ചാപ്പാ കുരിശു്)",,Sameer Thahir,"Vineeth Sreenivasan, Fahad Fazil, Roma, Remya Nambeesan,Nivetha Thomas",2
2011,Collector,,Anil C Menon,"Suresh Gopi, Yamini Varma, Mohini, Rajeev",2
2011,"Manushyamrugam
(മനുഷ്യമൃഗം)",,Baburaj,"Baburaj, Kiran Rathod, Oviya, Prithviraj, Kalabhavan Mani",2
2011,Bangkok Summer,,Pramod Pappan,"Unni Mukundan, Richa Panai, Rahul Madhav",2
2011,"Ninnishtam Ennishtam 2
(നിന്നിഷ്ടം എന്നിഷ്ടം 2)",,Alleppey Ashraf,"Suresh Nair, Sunitha, Mukesh, Priya",2
2011,"Orma Mathram
(ഓർമ്മ മാത്രം)",,Madhu Kaithapram,"Dileep, Priyanka Nair, Master Sidharth, Dhanya Mary Varghese",2
2011,Scene No: 001,,Snehajith,"Saiju Kurup, Niyas, Roopasree, Priyanandanan",2
2011,"Veettilekkulla Vazhi
(വീട്ടിലേക്കുള്ള വഴി)",,Dr. Biju,"Prithviraj, Indrajith, Master Govardhan, Dhanya Mary Varghese",2
2011,"Oru Nunakkatha
(ഒരു നുണക്കഥ)",,Johnson Thankachan,"Vivek, Piyush, Aswathy, Jagathy Sreekumar, Riyaz Khan",2
2011,"Kadhayile Nayika
(കഥയിലെ നായിക)",,Dileep,"Urvashi, Roma, Kalabhavan Prajod, Suraj Venjaramoodu",2
2011,"Chungakkarum Veshyakalum
(ചുങ്കക്കാരും വേശ്യകളും)",,Isaac Thomas,"Thilakan, Sanjay George, Michelle Sinclair",2
2011,"Priyappetta Nattukare
(പ്രിയപ്പെട്ട നാട്ടുകാരേ)",,Sreejith Paleri,"Kalabhavan Mani, Bala, Lakshmi Sharma",2
2011,"Ven Shankhu Pol
(വെൺ ശംഖുപോൽ)",,Ashok R Rath,"Suresh Gopi, Manoj K Jayan, Jyothirmayi, Meera Nandan",2
2011,"Umma
(ഉമ്മ)",,Vijayakrishnan,"Shobha Mohan, Sreehari, Madhu",2
2011,Teja Bhai & Family,,Deepu Karunakaran,"Prithviraj, Akhila Sasidharan",2
2011,"Arabipponnu
(അറബിപ്പൊന്നു്)",,Vijay,"Thilakan, K. R. Vijaya, Joobin Rajan P Dev, Soorya, Sarika",2
2011,My Dear Kuttichathan 3D,,Jijo,"Kottarakkara Sreedharan Nair, Dalip Tahil, Master Arvind, Master Suresh, Baby Sonia",2
2011,Pranayam,,Blessy,"Mohanlal, Jayaprada, Anupam Kher",2
2011,Sevenes,,Joshiy,"Kunchacko Boban, Bhama, Asif Ali, Rima Kallingal, Nadia Moidu",2
2011,"Ulakam Chuttum Valiban
(ഉലകം ചുറ്റും വാലിബൻ)",,Raj Babu,"Jayaram, Mithra Kurian, Biju Menon, Suraj Venjaramoodu",2
2011,Doctor Love,,K Biju,"Kunchacko Boban, Bhavana, Ananya",2
2011,Sarkar Colony,,V. S. Jayakrishna,"Mukesh, Devayani",2
2011,"Koratty Pattanam Railway Gate
(കൊരട്ടി പട്ടണം റെയിൽവേ ഗേറ്റ്)",,Hafiz Ismail,"Ajay Natesh, Mallika, Premnath, Rajeev Rajan",2
2011,"Snehaveedu
(സ്നേഹവീടു്)",,Sathyan Anthikkadu,"Mohanlal, Padmapriya, Biju Menon, Sheela",2
2011,"Makaramanju
(മകരമഞ്ഞു്)",,Lenin Rajendran,"Santhosh Sivan, Karthika Nair, Nithya Menen",2
2011,Indian Rupee,,Ranjith,"Prithviraj, Rima Kallingal",2
2011,"Pachuvum Kovalanum
(പാച്ചുവും കോവാലനും)",,Thaha,"Mukesh, Suraj Venjaramood, Meghna Raj, Jyothirmayi",2
2011,Sandwich,,M. S. Manu,"Kunchacko Boban, Richa Panai, Ananya",2
2011,"Veeraputhran
(വീരപുത്രൻ)",,P. T. Kunju Muhammed,"Narain, Raima Sen, Lakshmi Gopalaswamy",2
2011,"Krishnanum Radhayum
(കൃഷ്ണനും രാധയും)",,Santhosh Pandit,"Santhosh Pandit, Souparnika, Rupa Jith, Devika",2
2011,"Naayika
(നായിക)",,Jayaraj,"Jayaram, Padmapriya, Sharada",2
2011,"Swapna Sanchari
(സ്വപ്ന സഞ്ചാരി)",,Kamal,"Jayaram, Samvrutha Sunil",2
2011,Beautiful,,V. K. Prakash,"Jayasurya, Meghana Raj, Anoop Menon",2
2011,"Innanu Aa Kalyanam
(ഇന്നാണു് ആ കല്യാണം)",,Rajasenan,"Rejith Menon, Saranya Mohan, Malavika Wales",2
2011,"Sundara Kalyanam
(സുന്ദര കല്യാണം)",,Chandra Mohan,"Ubaid, Sruthi Lakshmi",2
2011,"Athe Mazha Athe Veyil
(അതേ മഴ അതേ വെയിൽ)",,G. Manu,"Anoop Menon, Lena",2
2011,"Bhagavathipuram
(ഭഗവതിപുരം)",,Prakashan,"Ashraf, Arun, Souparnika",2
2011,Happy Durbar,,Hari Amaravila,"Mukesh, Suraj Venjaramood",2
2011,"Killadi Raman
(കില്ലാടി രാമൻ)",,Thulasidas,"Mukesh, Megha Nair, Siddique",2
2011,"Arabeem Ottakom P. Madhavan Nayarum in Oru Marubhoomikkadha
(അറബീം ഒട്ടകോം പി. മാധവൻ നായരും ഇൻ ഒരു മരുഭൂമിക്കഥ)",,Priyadarshan,"Mohanlal, Mukesh, Lakshmi Rai, Bhavana",2
2011,"Venicile Vyaapari
(വെനീസിലെ വ്യാപാരി )",,Shafi,"Mammootty, Kavya Madhavan, Poonam Bajwa",2
2011,"Vellaripravinte Changathi
(വെള്ളരിപ്രാവിന്റെ ചങ്ങാതി)",,Akku Akbar,"Dileep, Indrajith, Kavya Madhavan, Manoj K. Jayan",2
2012,"Orkut Oru Ormakoot
(ഓർക്കൂട്ട് ഒരു ഓർമ്മക്കൂട്ട്)",Drama,Manoj-Vinod,"Rima Kallingal, Ben Lalu Alex, Joe Siby Malayil, Anu Mohan, Vishnu Raghav",2
2012,"Asuravithu
(അസുരവിത്ത്‌)",Action,A. K. Sajan,"Asif Ali, Samvrutha Sunil, Lena",2
2012,"Kunjaliyan
(കുഞ്ഞളിയൻ)",Satire,Saji Surendran,"Jayasurya, Ananya, Manikuttan",2
2012,"Padmasree Bharat Dr. Saroj Kumar
(പത്മശ്രീ ഭരത് ഡോക്ടർ സരോജ് കുമാർ)","Black comedy,
Satire",Sajin Raaghavan,"Sreenivasan, Mamta Mohandas, Vineeth Sreenivasan,Fahad Fazil, Apoorva Bose",2
2012,Spanish Masala,"Romance,
Drama,
Comedy",Lal Jose,"Dileep, Kunchacko Boban, Daniela Zacherl, Biju Menon",2
2012,"Casanovva
(കാസനോവ)","Action,
Romance,
Thriller",Rosshan Andrrews,"Mohanlal, Shriya Saran, Roma, Lakshmi Rai",2
2012,Second Show,"Crime,
Action",Srinath Rajendran,"Dulquer Salman, Gauthami Nair, Sunny Wayne",2
2012,"Njanum Ente Familiyum
(ഞാനും എന്റെ ഫാമിലിയും)",Family,K. K. Rajeev,"Jayaram, Mamta Mohandas, Mythili, Manoj K Jayan",2
2012,"Kochi
(കൊച്ചി)","Family,
Romance",S. Kishore,"Nassar, Seetha, Jagadish, Archana Suseelan, Meera Vasudevan",2
2012,"Mullassery Madhavan Kutty Nemom P. O.
(മുല്ലശ്ശേരി മാധവൻകുട്ടി നേമം പി. ഒ.)","Family,
Drama",Kumar Nanda,"Anoop Menon, Sonal Devaraj",2
2012,"Themmadikkoottam
(തെമ്മാടിക്കൂട്ടം)",Comedy,K. Sujith,"Jagathy Sreekumar, Sanni, Ranjith, Maneesh, Sajo, Gopika Palat",2
2012,"Unnam
(ഉന്നം)",Thriller,Sibi Malayil,"Asif Ali, Rima Kallingal, Lal, Swetha Menon, Sreenivasan",2
2012,"Ee Thirakkinidayil
(ഈ തിരക്കിനിടയിൽ)",Drama,Anil Kaarakkulam,"Vinu Mohan, Muktha, Shaju, Krishna",2
2012,Father's Day,Drama,Kalavoor Ravikumar,"Shehin, Indu Thampi, Lal, Revathi, Shankar Panikkar,Resul Pookutty",2
2012,"Oomakkuyil Padumbol
(ഊമക്കുയിൽ പാടുമ്പോൾ)","Family,
Children's film",Siddhique Chennamangalloor,"Malavika Nair, Shankar Panikkar, Sangeetha Rajendran",2
2012,"Ee Adutha Kalathu
(ഈ അടുത്ത കാലത്ത്)",Thriller,Arun Kumar,"Indrajith, Anoop Menon, Mythili, Tanusree Ghosh, Lena",2
2012,Ideal Couple,"Comedy,
Family",Ali Akbar,"Vineeth, Lakshmi Menon, Nassar, Usha Uthup",2
2012,"Nidra
(നിദ്ര)",Romantic thriller,Siddharth,"Siddharth, Jishnu, Rima Kallingal, Sarayu",2
2012,"Achante Aanmakkal
(അച്ഛന്റെ ആൺമക്കൾ)",Action,Chandrasekharan,"Sarath Kumar, Meghna Raj, Lakshmi Sharma,Nedumudi Venu",2
2012,"Thalsamayam Oru Penkutty
(തല്‍സമയം ഒരു പെണ്‍കുട്ടി)","Drama,
Romance,
Satire",T. K. Rajeev Kumar,"Unni Mukundan, Nithya Menon, Shweta Menon",2
2012,Crime Story,Crime thriller,Anil Thomas,"Rahul Madhav, Vishupriya",2
2012,"Shikari
(ശിക്കാരി)","Period,
Patriotic,
Drama",Abhaya Simha,"Mammootty, Poonam Bajwa",2
2012,"Pakarnnattam
(പകർന്നാട്ടം)",Art,Jayaraj,"Jayaram, Sabitha Jayaraj",2
2012,"Dhanyam
(ധന്യം)",Romance,Jayalal,"Pratheesh Nandan, Pooja",2
2012,Orange,Drama,Biju Varkey,"Kalabhavan Mani, Biju Menon, Lena",2
2012,"Karmayogi
(കർമ്മയോഗി)","Period,
Revenge",V. K. Prakash,"Indrajith, Nithya Menon, Saiju Kurup, Thalaivasal Vijay,Padmini Kolhapure",2
2012,Ordinary,Romantic drama,Sugeeth,"Kunchacko Boban, Biju Menon, Asif Ali, Jishnu, Shritha Sivadas, Ann Augustine",2
2012,The King & The Commissioner,Political thriller,Shaji Kailas,"Mammootty, Suresh Gopi, Samvrutha Sunil",2
2012,Lt. Colonel Satheesh Pandit,Parody,Shanavas,Shanavas,2
2012,Masters,Thriller,Johny Antony,"Prithviraj, Ananya, Sasikumar, Pia Bajpai, Mukesh",2
2012,Outsider,Thriller,Premlal,"Indrajith, Sreenivasan, Ganga Babu, Pasupathy",2
2012,"Pulival Pattanam
(പുലിവാൽ പട്ടണം)",Comedy,Santhosh,"Jagadish, Athira, Jagathy Sreekumar, Sonia, Salim Kumar",2
2012,Track,Sports,K. P. Venu — Abraham Lincoln,"Rahul Madhav, Anoop Menon, Rosin Jolly, Sree Dhanya",2
2012,"Mayamohini
(മായാമോഹിനി)",Comedy,Jose Thomas,"Dileep, Lakshmi Rai, Biju Menon, Mythili",2
2012,Cobra,"Comedy,
Action",Lal,"Mammootty, Lal, Padmapriya, Kaniha",2
2012,22 Female Kottayam,"Revenge,
Thriller",Aashiq Abu,"Fahad Fazil, Rima Kallingal",2
2012,"Josettante Hero
(ജോസേട്ടന്റെ ഹീറോ)",Drama,K. K. Haridas,"Anoop Menon, Kriti Kapoor",2
2012,"MLA Mani: Patham Classum Gusthiyum
(എം.എൽ.എ. മണി പത്താം ക്ലാസ്സും ഗുസ്തിയും)",Action,Sreejith Paleri,"Kalabhavan Mani, Lena, Vidya, Sadhika",2
2012,"Doctor Innocent aanu
(ഡോക്ടർ ഇന്നസെന്റാണ്)",Comedy,Ajmal,"Innocent, Sona Nair",2
2012,"Lumiere Brothers
(ലൂമിയർ ബ്രദേഴ്സ്)",,Madhu Thattampalli,"Ramesh Krishna, Hari, Supriya Krishna",2
2012,Grandmaster,"Thriller,
Mystery",B. Unnikrishnan,"Mohanlal, Priyamani, Roma, Narain",2
2012,Diamond Necklace,Romantic drama,Lal Jose,"Fahad Fazil, Samvrutha Sunil, Gauthami Nair, Anusree",2
2012,"Mallu Singh
(മല്ലൂസിംഗ്)",Masala,Vysakh,"Unni Mukundan, Kunchacko Boban, Samvrutha Sunil,Rupa Manjari",2
2012,"Arike
(അരികെ)",Romance,Shyamaprasad,"Dileep, Mamta Mohandas, Samvrutha Sunil",2
2012,"Gruhanathan
(ഗൃഹനാഥൻ)",Family,Mohan Kupleri,"Mukesh, Sonia Agarwal",2
2012,"Lakshmivilasam Renuka Makan Raghuraman
(ലക്ഷ്മിവിലാസം രേണുക മകൻ രഘുരാമൻ)",,M. Basheer,"Urvashi, Suraj Venjaramoodu, Ashokan",2
2012,"Manjadikuru
(മഞ്ചാടിക്കുരു)",Drama,Anjali Menon,"Prithviraj, Urvashi, Rahman, Sindhu Menon",2
2012,Hero,Action thriller,Diphan,"Prithviraj, Srikanth, Yami Gautam",2
2012,"Ezham Suryan
(ഏഴാം സൂര്യൻ)",,Njanasheelan,"Unni Mukundan, Mahalakshmi, Suraj Venjaramoodu",2
2012,"Thiruvambadi Thamban
(തിരുവമ്പാടി തമ്പാൻ)",Action thriller,M. Padmakumar,"Jayaram, Haripriya, Thambi Ramaiah, Kishore",2
2012,"Veendum Kannur
(വീണ്ടും കണ്ണൂർ)",Political thriller,Haridas Keshavan,"Anoop Menon, Sandhya, Arun, Rajeev Pillai",2
2012,"Navagatharkku Swagatham
(നവാഗതർക്കു് സ്വാഗതം)",Romantic comedy,Jayakrishna Karnavar,"Mukesh, Vinay Forrt, Jyothirmayi",2
2012,Snake & Ladder,,V. Menon,"Kalabhavan Mani, Guinness Pakru, Neha Pendse",2
2012,"Vaadhyar
(വാദ്ധ്യാർ)","Comedy,
Satire",Nidheesh Sakthi,"Jayasurya, Ann Augustine, Menaka, Nedumudi Venu",2
2012,Spirit,Satire,Ranjith,"Mohanlal, Kaniha, Shankar Ramakrishnan, Lena",2
2012,Bachelor Party,"Action,
Road movie",Amal Neerad,"Prithviraj, Indrajith, Asif Ali, Nithya Menon, Rahman,Kalabhavan Mani, Remya Nambeesan",2
2012,"Kalikalam
(കലികാലം)",Drama,Reji Nair,"Sharada, Ashokan, Lakshmi Sharma",2
2012,Silent Valley,"Thriller,
Horror",Syed Usman,"Nidheesh, Roopasree, Rithi Mangal, Agatha Magnus",2
2012,"Namukku Parkkan
(നമുക്ക് പാർക്കാൻ)",Drama,Aji John,"Anoop Menon, Meghna Raj, Jayasurya",2
2012,No. 66 Madhura Bus,"Road movie,
Revenge",M. A. Nishad,"Pasupathi, Padmapriya, Mallika, Swetha Menon",2
2012,Ustad Hotel,Romantic drama,Anwar Rasheed,"Dulquer Salman, Nithya Menon, Thilakan",2
2012,Naughty Professor,Comedy,Hari Narayanan,"Baburaj, Lakshmi Gopalaswamy, Lena",2
2012,"Thattathin Marayathu
(തട്ടത്തിൻ മറയത്ത്)",Romance,Vineeth Sreenivasan,"Nivin Pauly, Isha Talwar, Manoj K Jayan",2
2012,"Bodhi
(ബോധി)",,G. Ajayan,"Pooja Vijayan, Babu Annoor, Gopakumar, Ramesh Varma",2
2012,"Mullamottum Munthiricharum
(മുല്ലമൊട്ടും മുന്തിരിച്ചാറും)",Drama,Aneesh Anwar,"Indrajith, Meghana Raj, Ananya, Thilakan",2
2012,Little Master,"Children's film,
Drama",L. Rajendran,"Lal, Master Shamal, Lakshmi Gopalaswamy, Madhupal",2
2012,"Ajantha
(അജന്ത)","Drama,
Romance",Rajppa Ravishanker,"Vinu Mohan, Honey Rose",2
2012,"Akasathinte Niram
(ആകാശത്തിന്റെ നിറം)",Drama,Dr. Biju,"Indrajith, Prithviraj, Amala Paul, Nedumudi Venu",2
2012,"Perinoru Makan
(പേരിനൊരു മകൻ)","Drama,
Romance",Vinu Anand,"Guinness Pakru, Bhagath Manuel, Saranya Mohan,Innocent",2
2012,Cinema Company,"Drama,
Romance",Mamas,"Basil, Sanjeev, Shruthi Hariharan, Badri, Sanam Shetty, Lakshmi",2
2012,"Ivan Megharoopan
(ഇവൻ മേഘരൂപൻ)","Biographical,
Drama",P. Balachandran,"Prakash Bare, Padmapriya, Shweta Menon, Remya Nambeesan",2
2012,Last Bench,"Drama,
Romance",Jiju Ashok,"Mahesh, Sukanya",2
2012,"Nadabrahmam
(നാദബ്രഹ്മം)","Family,
Drama",Dr. Biju Lal,"Kaushik Babu, Mahalakshmi,Unni Maya",2
2012,Superstar Santhosh Pandit,Parody,Santhosh Pandit,"Santhosh Pandit, Roopa",2
2012,"Simhasanam
(സിംഹാസനം)",Action,Shaji Kailas,"Prithviraj, Saikumar, Vandana, Aishwarya Devan",2
2012,"Gramam
(ഗ്രാമം)",Drama,Mohan,"Nishan, Samvrutha Sunil, Nedumudi Venu, Sukumari",2
2012,"Koodaram
(കൂടാരം)",Drama,Tharadas,"Thilakan, Salim Kumar",2
2012,"Neeranjanam
(നീരാഞ്ജനം)",Drama,V. K. Unnikrishnan,"Kuzhalmandam Ramakrishnan, Anubala",2
2012,"Mr. Marumakan
(മിസ്റ്റർ മരുമകൻ)",Masala,Sandhya Mohan,"Dileep, Sanusha, Khushboo",2
2012,"Friday
(ഫ്രൈഡേ)","Drama,
Thriller",Lijin Jose,"Fahad Fazil, Ann Augustine, Manu",2
2012,"Thappana
(താപ്പാന)","Drama,
Road movie",Johny Antony,"Mammootty, Charmy Kaur",2
2012,"Red Alert
(റെഡ് അലര്‍ട്ട്)",Drama,A. K. Jayan,"Mukesh, Lena, Vidya",2
2012,"Run Babby Run
(റണ്‍ ബേബി റണ്‍ )","Thriller,
Comedy",Joshiy,"Mohanlal, Amala Paul",2
2012,"Ozhimuri
(ഒഴിമുറി)",Drama,Madhupal,"Lal, Swetha Menon, Asif Ali, Bhavana,",2
2012,"Rasaleela
(രാസലീല)",Romance,Majeed Marangery,"Dharshan, Pratishta",2
2012,"Chattakaari
(ചട്ടക്കാരി)","Drama,
Romance",Santosh Sethumadhavan,"Shamna Kasim, Hemanth Menon, Innocent, Sukumari",2
2012,"Bhoopadathil Illatha Oridam
(ഭൂപടത്തിൽ ഇല്ലാത്ത ഒരിടം)","Satire,
Drama",Joe Chalissery,"Sreenivasan, Nivin Pauly, Rajsree Nair, Iniya",2
2012,"Ithra Mathram
(ഇത്ര മാത്രം)","Drama,
Mystery",K. Gopinathan,"Biju Menon, Swetha Menon",2
2012,Molly Aunty Rocks!,"Satire,
Drama",Ranjith Sankar,"Prithviraj, Revathi",2
2012,Husbands in Goa,Comedy,Saji Surendran,"Jayasurya, Indrajith, Lal, Asif Ali, Rima Kallingal, Bhama,Remya Nambeesan, Praveena",2
2012,Trivandrum Lodge,"Romantic drama,
Black comedy",V. K. Prakash,"Jayasurya, Honey Rose, Anoop Menon",2
2012,"Chuzhalikkattu
(ചുഴലിക്കാറ്റു്)",Drama,Gireesh Kunnummel,"Jayakrishnan, Anjana Menon",2
2012,"Puthiya Theerangal
(പുതിയ തീരങ്ങൾ)",Romantic drama,Sathyan Anthikkad,"Nivin Pauly, Namitha Pramod",2
2012,"Ennennum Ormakkay
(എന്നെന്നും ഓർമ്മയ്ക്കായ്)",Romance,Robin Joseph,"Sreejith Vijay, Dhanya Mary Varghese",2
2012,"Theruvu Nakshathrangal
(തെരുവു് നക്ഷത്രങ്ങൾ)",Drama,Jose Mavely,"Tini Tom, Lakshmi Viswanath, Salim Kumar, Kaviyoor Ponnamma, Captain Raju",2
2012,Banking Hours 10 to 4,Crime thriller,K. Madhu,"Anoop Menon, Meghna Raj, Ashokan, Kailash",2
2012,"Manthrikan
(മാന്ത്രികൻ)",Comedy horror,Anilkumar,"Jayaram, Poonam Bajwa",2
2012,"Karpooradeepam
(കർപ്പൂരദീപം)",Drama,George Kithu,"Siddique, Santhi Krishna",2
2012,"Vaidooryam
(വൈഡൂര്യം)",Romance,Saseendra K.Shankar,"Kailash, Nakshathra",2
2012,"Ayalum Njanum Thammil
(അയാളും ഞാനും തമ്മിൽ)",Romantic thriller,Lal Jose,"Prithviraj, Samvrutha Sunil, Rima Kallingal, Remya Nambeesan, Narain",2
2012,"Jawan of Vellimala
(ജവാൻ ഓഫ് വെള്ളിമല)",Drama,Anoop Kannan,"Mammootty, Mamta Mohandas, Asif Ali, Sreenivasan",2
2012,"Kaashh
(കാശ്)","Action,
Comedy",Sujith-Sajith,"Rajeev Pillai, Bineesh Kodiyeri, Vineeth Kumar, Bazil",2
2012,"Padmavyooham
(പത്മവ്യൂഹം)","Mystery,
Thriller",Bijoy P. I.,"Noby Tharian, Amal Abraham",2
2012,"Parudeesa
(പറുദീസ)",Drama,R. Sarath,"Sreenivasan, Thampy Antony, Swetha Menon",2
2012,"Prabhuvinte Makkal
(പ്രഭുവിന്റെ മക്കൾ)",Drama,Sajeevan Anthikad,"Vinay Forrt, Swasika, Madhu",2
2012,916,Drama,M. Mohanan,"Asif Ali, Mukesh, Anoop Menon, Meera Vasudev",2
2012,My Boss,Romantic comedy,Jeethu Joseph,"Dileep, Mamta Mohandas",2
2012,"Theevram
(തീവ്രം)",Drama,Roopesh Peethambaran,"Dulquer Salman, Shikha Nair, Riya Saira",2
2012,101 Weddings,"Romantic comedy, Drama",Shafi,"Jayasurya, Kunchacko Boban, Bhama, Samvrutha Sunil",2
2012,"Ardhanaari
(അർദ്ധനാരി)",Drama,Santhosh Souparnika,"Manoj K Jayan, Mahalakshmi, Thilakan",2
2012,Idiots,Romantic comedy,K. S. Bava,"Asif Ali, Sanusha",2
2012,"Scene Onnu Nammude Veedu
(സീൻ 1 നമ്മുടെ വീടു്)",Drama,Shaiju Anthikkad,"Lal, Navya Nair",2
2012,"Chettayees
(ചേട്ടായീസ്)","Comedy,
Drama",Shajoon Kariyal,"Biju Menon, Lal",2
2012,Face 2 Face,"Mystery,
Thriller",V. M. Vinu,"Mammootty, Roma Asrani, Ragini Dwivedi",2
2012,Poppins,Drama,V. K. Prakash,"Jayasurya, Indrajith, Kunchacko Boban, Meghana Raj,Padmapriya, Nithya Menen",2
2012,Chapters,Thriller,Sunil Ibrahim,"Nivin Pauly, Sreenivasan, Gauthami Nair, Rejith Menon",2
2012,Hide N' Seek,"Drama,
Romance",Anil,"Divya Darshan, Natasha, Mukesh, Shankar",2
2012,The Hit List,Action thriller,Bala,"Bala, Sandhya, Aishwarya Devan, Unni Mukundan",2
2012,"Madirasi
(മദിരാശി)","Comedy,
Action",Shaji Kailas,"Jayaram, Meera Nandan, Meghana Raj",2
2012,"Oru Kudumba Chithram
(ഒരു കുടുംബചിത്രം)",Drama,Ramesh Tambi,"Kalabhavan Mani, Lakshmi Sharma",2
2012,Matinee,"Romance,
Drama",Aneesh Upasana,"Maqbool Salmaan, Mythili, Lena",2
2012,Yakshi - Faithfully Yours,"Fantasy,
Romance",Abhiram Unnithan,"Avanthika Mohan, Parvathy Nair, Ved, Faizal, Shivakumar",2
2012,"Bavuttiyude Namathil
(ബാവുട്ടിയുടെ നാമത്തിൽ)",Drama,G. S. Vijayan,"Mammootty, Kavya Madhavan, Shankar Ramakrishnan,Kaniha, Rima Kallingal, Vineeth",2
2012,"Da Thadiya
(ഡാ തടിയാ)","Romance,
Comedy",Aashiq Abu,"Shekhar Menon, Ann Augustine, Sreenath Bhasi, Nivin Pauly",2
2012,I Love Me,"Thriller,
Romance",B. Unnikrishnan,"Asif Ali, Unni Mukundan, Isha Talwar, Anoop Menon",2
2012,"Karma Yodha
(കർമ്മയോദ്ധാ)",Action thriller,Major Ravi,"Mohanlal, Rajeev Pillai, Biju Menon",2
2012,"Aakasmikam
(ആകസ്മികം)",Drama,George Kithu,"Siddique, Swetha Menon",2
2013,"Annayum Rasoolum
(അന്നയും റസൂലും)",Rajeev Ravi,"Fahadh Faasil, Andrea Jeremiah",Romance,2
2013,"Nee Ko Njaa Cha
(നി കൊ ഞാ ചാ)",Gireesh,"Sunny Wayne, Parvathy Nair",Comedy,2
2013,"Ente
(എന്റെ)",Rajesh Touchriver,"Siddique, Anjali Patil, Lakshmi Menon",Drama,2
2013,Entry,Rajesh Amanakara,"Baburaj, Ranjini Haridas, Bhagath Manuel,Sija Rose","Action,
Drama",2
2013,"Lisammayude Veedu
(ലിസമ്മയുടെ വീട്)",Babu Janardhanan,"Meera Jasmine, Rahul Madhav, Salim Kumar",Drama,2
2013,My Fan Ramu,Nikhil K. Menon,"Saiju Kurup, Rajeev Pillai",Comedy,2
2013,Isaac Newton S/O Philipose,V Bosse,"Lal, Nedumudi Venu, Abhinaya, Tini Tom",Comedy,2
2013,Maad Dad,Revathy S Varma,"Lal, Nazriya Nazim, Meghana Raj",Drama,2
2013,"Yathrakkoduvil
(യാത്രയ്ക്കൊടുവിൽ)",Basil Zak,"Sreejith Vijay, Vidya, Thilakan",Drama,2
2013,Romans,Boban Samuel,"Kunchacko Boban, Biju Menon, Niveda Thomas, Aparna Nair","Comedy,
Thriller",2
2013,"Annum Innum Ennum
(അന്നും ഇന്നും എന്നും)",Rajesh Nair,"Nishan, Jishnu, Thilakan","Drama,
Romance",2
2013,"Nakhangal
(നഖങ്ങൾ)",Suresh Krisshnan,"Rakendu, Madan Mohan, Megha, Sumesh","Family,
Thriller",2
2013,"Oru Yathrayil
(ഒരു യാത്രയിൽ)","Priyanandanan, Major Ravi, Rajesh Amanakara, Mathews","Vineeth Kumar, Remya Nambeesan,Lakshmi Gopalaswami","Anthology,
Drama",2
2013,Proprietors Kammath & Kammath,Thomson K. Thomas,"Mammootty, Dileep, Rima Kallingal,Karthika Nair","Comedy,
Action",2
2013,Players,Vasudev Sanal,"Jayasurya, Kavya Madhavan, Jishnu,Nishanth Sagar","Romance,
Drama",2
2013,Lokpal,Joshiy,"Mohanlal, Kavya Madhavan",Drama,2
2013,Dracula 2012 3D,Vinayan,"Sudheer Sukumaran, Prabhu, Shraddha Das, Monal Gajjar, Thilakan",Horror,2
2013,"Natholi Oru Cheriya Meenalla
(നത്തോലി ഒരു ചെറിയ മീനല്ല)",V. K. Prakash,"Fahadh Faasil, Kamalinee Mukherjee,Rima Kallingal, Aishwarya","Romance,
Comedy",2
2013,"Oru Nerinte Nombaram
(ഒരു നേരിന്റെ നൊമ്പരം)",P. Sivaram,"Anoop David, Vaigha, Ashamol, Baby Hridya",Drama,2
2013,Celluloid,Kamal,"Prithviraj, Mamta Mohandas, Chandni",Biopic,2
2013,Cowboy (2013 film),P. Balachandrakumar,"Asif Ali, Mythili, Bala, Ambika Mohan","Action,
Thriller",2
2013,Breaking News Live,Sudhir Ambalapadu,"Kavya Madhavan, Mythili, Vineeth",Drama,2
2013,Black Butterfly,Rajaputra Ranjith,"Mithun, Malavika",Romance,2
2013,Housefull,Linson Antony,"Tini Tom, Jyothirmayi",Comedy,2
2013,10:30 am Local Call,Manu Sudhakaran,"Nishan, Shritha Sivadas, Mrudula Murali,Lal, Kailash",Thriller,2
2013,David & Goliath,Rajeev Nath,"Jayasurya, Anoop Menon, Soumya, Anumol",Thriller,2
2013,Shutter,Joy Mathew,"Lal, Sreenivasan, Sajitha Madathil",Thriller,2
2013,"Kili Poyi
(കിളി പോയി)",Vinay Govind,"Asif Ali, Aju Varghese",Stoner film,2
2013,Omega.exe,Binoy George,"Harish Raj, Vineeth, Sanchu, Iniya",Drama,2
2013,Rose Guitarinaal,Ranjan Pramod,"Richard Joy Thomas, Athmeeya Rajan,Rejith Menon","Romance,
Music",2
2013,"Mahatma Ayyankali
(മഹാത്മാ അയ്യങ്കാളി)",Sooriya Deva,"Aju Karthikeyan, Sweta Nakhatra, Madhu, Jagannatha Varma, Manu Varma",Biopic,2
2013,Rebecca Uthup Kizhakkemala,Sunder Das,"Ann Augustine, Sidharth Bharathan,Jishnu, Sai Kumar, Shari, Sukumari, Ambika Mohan","Sports film,
Romance,
Drama",2
2013,Lucky Star,Deepu Anthikad,"Jayaram, Rachana Narayanankutty,Mukesh","Comedy,
Drama",2
2013,"Pakaram
(പകരം)",Sreevallabhan,"Om Prakash, Radhika, Siddique","Thriller,
Revenge",2
2013,Radio,Umer Mohammed,"Iniya, Sarayu, Nishan, Sreejith Vijay",Drama,2
2013,Poombattakalude Taazhvaaram,V.M.Akhilesh,"Nima, Rajesh Mohan, Prethiknjan, Dhirar, Sandhra",Drama,2
2013,Dolls,Shalil Kallur,"John, Sruthi Nair, Parvathy Nair","Romance,
Drama",2
2013,Papilio Buddha,Jayan K. Cherian,"Kallen Pokkudan, David Briggs,Padmapriya, Sreekumar, Saritha Sunil,Prakash Bare, Thampi Antony","Drama,
Environmental film,
Human rights",2
2013,Ithu Manthramo Thanthramo Kuthanthramo,Sainu Pallithazhathu,"Murali Krishna, Lakshmi Menon, Mukesh,Baburaj, Suraj Venjaramoodu",Comedy,2
2013,Kanaa Paadam,Ameen Jawher,"Bhasi, Aarya Gaythri",Drama,2
2013,Ithu Pathiramanal,M. Padmakumar,"Unni Mukundan, Jayasurya, Remya Nambeesan",Action,2
2013,Good Idea,P. K. Sakir,"Sreejith Vijay, Hanna Bella, Unni Sivapal, Ambika Mohan",Romance,2
2013,Red Wine,Salam Bappu,"Mohanlal, Fahad Fazil, Asif Ali, Meghana Raj, Meera Nandan, Mia, Saiju Kurup,Suraj Venjaramoodu, Kailash",Investigative,2
2013,Amen,Lijo Jose Pellissery,"Indrajith, Fahadh Faasil, Swati Reddy,Rachana",Musical,2
2013,3 Dots,Sugeeth,"Kunchacko Boban, Biju Menon, Prathap Pothan, Janani Iyer","Romance,
Comedy,
Thriller",2
2013,Yathra Thudarunnu,Jayan Sivapuram,"Lakshmi Gopalaswami, Irshad, Nedumudi Venu",Drama,2
2013,Kutteem Kolum,Guinness Pakru,"Guinness Pakru, Aditya, Sanusha, Leya","Drama,
Action",2
2013,Emmanuel,Lal Jose,"Mammootty, Fahadh Faasil, Reenu Mathews",Drama,2
2013,Sound Thoma,Vyshakh,"Dileep, Namitha Pramod",Masala,2
2013,Ladies & Gentleman,Siddique,"Mohanlal, Meera Jasmine, Mamta Mohandas, Padmapriya, Mithra Kurian",Comedy,2
2013,Climax,Anil,"Sana Khan, Nishan",Biopic,2
2013,SIM,Diphan,"Deepak Parambol, Ann Augustine","Comedy,
Drama",2
2013,Akam,Shalini Usha Nair,"Fahad Fazil, Anumol",Psychological thriller,2
2013,72 Model,Rajasenan,"Govind Padmasurya, Sreejith Vijay, Soniya Das","Drama,
Comedy",2
2013,August Club,K. B. Venu,"Rima Kallingal, Murali Gopy, Thilakan","Romance,
Drama",2
2013,Progress Report,Saajan,"Siddique, Geetha",Drama,2
2013,Ente Puthiya Number 9567889999,A.G. Sukumaran,"Jaydev, Mehroof, Keerthana, Minnu",Drama,2
2013,Swaasam,Harilal Gandhi,"Jinu Azeez, Jyothi Pillai, Ambika Mohan",Drama,2
2013,Bharya Athra Pora,Akku Akbar,"Jayaram, Gopika",Family,2
2013,Hotel California,Aji John,"Jayasurya, Anoop Menon, Honey Rose,Maria Roy","Comedy,
Action",2
2013,Mumbai Police,Rosshan Andrrews,"Prithviraj, Jayasurya, Maria Roy, Rahman",Thriller,2
2013,Neram,Alphonse Putharen,"Nivin Pauly, Nazriya Nazim, Manoj K. Jayan","Romance,
Comedy,
Thriller",2
2013,Manikya Thamburattiyum Christmas Carolum,"Raffi T M, Prof G Gopalakrishnan","Madhu, Devan, Sukanya, Sona Nair",Drama,2
2013,Musafir,Pramod Pappan,"Rahman, Mamta Mohandas, Bala, Divya Unni","Thriller,
Drama",2
2013,Aaru Sundarimaarude Katha,Rajesh K. Abraham,"Lakshmi Rai, Shamna Kasim, Nadiya Moidu, Lena, Narain",Romance,2
2013,Orissa,M. Padmakumar,"Unni Mukundan, Sanika Nambiar, Kaniha",Drama,2
2013,Vallatha Pahayan,"Niyas Bakker, Razaq Muhammed","Manikandan Pattambi, Rachana, Vinod Kovoor, Niyas Bakker,",Drama,2
2013,Aattakatha,Kannan Perunudiyoor,"Vineeth, Meera Nandan, Malavika Wales","Musical,
Romance",2
2013,English,Shyamaprasad,"Jayasurya, Nivin Pauly, Mukesh, Nadia Moidu, Remya Nambeesan","Drama,
Black humour",2
2013,Karuman Kasappan,Sajil Parli,"Shaji, Krisha Kurup, Vinod",Drama,2
2013,Once Upon a Time,Binu Sasidharan,"Salim Kumar, Mala Aravindan",Animation,2
2013,Up & Down: Mukalil Oralundu,T. K. Rajeev Kumar,"Indrajith, Prathap Pothen, Meghana Raj,Remya Nambeesan, Shruthy Menon",Psychological thriller,2
2013,Abhiyum Njanum,S. P. Mahesh,"Rohith, Archana Kavi, Lal, Menaka, Rejith Menon",Romance,2
2013,Honey Bee,Jean Paul Lal,"Asif Ali, Bhavana, Sreenath Bhasi, Lal,Archana Kavi",Comedy,2
2013,Pigman,Avira Rebecca,"Jayasurya, Remya Nambeesan",Drama,2
2013,Teens,Jahangir Sams,"Sajith Raj, Divyadarshan","Romance,
Drama",2
2013,ABCD: American-Born Confused Desi,Martin Prakkat,"Dulquer Salmaan, Jacob Gregory, Aparna Gopinath",Comedy,2
2013,Left Right Left,Arun Kumar Aravind,"Indrajith, Murali Gopy, Saiju Kurup,Remya Nambeesan, Lena",Political,2
2013,Thank You,V. K. Prakash,"Jayasurya, Honey Rose, Saiju Kurup","Thriller,
Drama",2
2013,Money Back Policy,Jayaraj Vijay,"Sreenivasan, Sreejith Vijay, Sarayu",Comedy,2
2013,Mr. Bean,Reji Paul,"Divya Darshan, Avanthika Mohan, Pritam Kagne",Comedy,2
2013,5 Sundarikal,"Amal Neerad, Aashiq Abu,Anwar Rasheed, Sameer Thahir, Shyju Khaild","Dulquer Salman, Fahadh Faasil, Nivin Pauly, Kavya Madhavan, Honey Rose,Isha Sharvani","Anthology,
Romance",2
2013,Ayaal,Suresh Unnithan,"Lal, Iniya, Lena, Lakshmi Sharma","Period,
Drama",2
2013,God for Sale,Babu Janardhanan,"Kunchacko Boban, Anumol, Jyothi Krishna, Suraj Venjaramoodu","Satire,
Drama",2
2013,Paisa Paisa,Prasanth Murali,"Indrajith, Mamta Mohandas, Sandhya, Apoorva Bose",Thriller,2
2013,Buddy,Raaj Prabavathy Menon,"Anoop Menon, Srikanth, Bhumika Chawla,Balachandra Menon, Asha Sarath","Comedy,
Drama",2
2013,Mizhi,Tejas Perumanna,"Sudheesh, Pooja Vijayan, Sona, Ashokan,Riza Bava",Drama,2
2013,Tourist Home,Shebi,"Sreejith Vijay, Meera Nandan, Hemanth Menon, Saiju Kurup, Kalabhavan Mani,Sarayu",Drama,2
2013,Kallante Makan,Sudev,"Anoop Chandran, Lakshmipriya, Master Yadukrishnan",Comedy,2
2013,Police Maaman,B R Jacob,"Baburaj, Radha Varma",Comedy,2
2013,Crocodile Love Story,Anoop Ramesh,"Praveen Prem, Avanthika Mohan,Manikuttan, Kalabhavan Mani","Comedy,
Romance",2
2013,Kunthapura,Joe Eshwar,"Biyon, Priya Lal, Anu Hassan","Drama,
Period",2
2013,Vazhiyariyathe,V M Karayad,"Sai Balan, Dimple Rose",Romance,2
2013,One,Parthan Mohan,"Soumya Sadanandan, Rosmin Jolly,Jagadeesh",Horror,2
2013,101 Chodyangal,Sidhartha Shiva,"Indrajith, Lena, Nishant Sagar, Kalabhavan Niyas",Drama,2
2013,Black Ticket,Udayachandran,"Sai Kumar, Prem Kumar, Anil Murali, Majeed, Ambika Mohan",Drama,2
2013,Penangunni,Manoj Chandrasekharan,"Abhijit Sanal, Vaishnavi",Children's film,2
2013,Kadal Kadannoru Mathukkutty,Ranjith,"Mammootty, Alisha Mohammed,Nedumudi Venu, Meera Nandan",Drama,2
2013,Memories (മെമ്മറീസ്),Jeethu Joseph,"Prithviraj, Meghana Raj, Rahul Madhav,Mia George",Psychological thriller film,2
2013,Neelakasham Pachakadal Chuvanna Bhoomi,Sameer Thahir,"Dulquer Salmaan, Sunny Wayne",Road Movie,2
2013,Pullipulikalum Aattinkuttiyum,Lal Jose,"Kunchako Boban, Namitha Pramod",Comedy,2
2013,Kalimannu,Blessy,"Shweta Menon, Biju Menon, Suhasini",Drama,2
2013,Olipporu,A. V. Sasidharan,"Fahadh Faasil, Subiksha, Kalabhavan Mani, Thalaivasal Vijay, Sidharth Bharathan",Drama,2
2013,Arikil Oraal,Sunil Ibrahim,"Indrajith, Nivin Pauly, Remya Nambeeshan, Lena","Mystery,
Thriller",2
2013,Artist,Shyamaprasad,"Fahadh Faasil, Ann Augustine, Sreeram Ramachandran",Drama,2
2013,Kunjananthante Kada,Salim Ahamed,"Mammootty, Nyla Usha, Salim Kumar,Balachandra Menon",Drama,2
2013,BlackBerry,K. B. Madhu,"Baburaj, Sunny Wayne, Mythili",Comedy,2
2013,Raavu,Ajith Ravi Pegasus,"Sanam Prasad, Nancy Gupta, Manasi Thomas, Vinu Abraham",Drama,2
2013,Daivathinte Swantham Cleetus,Marthandan,"Mammootty, Honey Rose, Sanam Shetty","Comedy,
Drama",2
2013,D Company,"M. Padmakumar, Dipan, Vinod Vijayan","Jayasurya, Fahadh Faasil, Asif Ali, Anoop Menon, Unni Mukundan, Samuthirakani,Bhama, Ananya",Action,2
2013,Sringara Velan,Jose Thomas,"Dileep, Vedhika, Nedumudi Venu,Kalabhavan Shajon",Romantic comedy,2
2013,Ezhamathe Varavu,Hariharan,"Vineeth, Indrajith, Bhavana, Kavitha",Thriller,2
2013,North 24 Kaatham,Anil Radhakrishnan Menon,"Fahadh Faasil, Nedumudi Venu, Swati Reddy",Thriller,2
2013,Radio Jockey,Rajasenan,"Arjun Nandakumar, Nimisha Suresh, Ria Saira, Rajasenan",Drama,2
2013,Careebeyans,Nandukumar,"Kalabhavan Mani, Swetha Menon,Siddigue, Ambika Mohan",Action,2
2013,KQ,Baiju Johnson,"Baiju Johnson, Anson Paul, Parvathy Omanakuttan, I. M. Vijayan, Shakeela",Action,2
2013,Zachariayude Garbhinikal,Aneesh Anvar,"Lal, Rima Kallingal, Sanusha",Comedy,2
2013,3G : Third Generation,A. Jayaprakash,"John Jacob, Arun Narayan, Mehul James, Vidya Unni",Romance,2
2013,Camel Safari,Jayaraj,"Arun Shankar, Pankaja Menon, Sekhar Menon, Kamal Gaur",Romance,2
2013,Kaanchi,G N Krishnakumar,"Indrajith, Murali Gopy, Maria John,Archana Gupta",Action,2
2013,Last Bus 8:35 pm,Sreejith Mahadevan,"Devan, Sona, Joe, Kavya, Ponnu",Thriller,2
2013,Pattupusthakam,Prakash Kolleri,"Vinod Isac, Asha Tomy","Drama,
Environmental film",2
2013,Pithavum Kanyakayum,"Rupesh Paul,
Sajiv Menon","M. G. Sasi, Kripa, Sasi Kalinga",Drama,2
2013,Bunty Chor,Mathews Abraham,"Nixon George, Sreejith Vijay, Praveen Prem, Kochupreman, Sasi Kalinga",Heist,2
2013,Idukki Gold,Aashiq Abu,"Babu Antony, Maniyanpilla Raju, Sajitha Madathil",Drama,2
2013,Malayala Nadu,Sasi Vadakkedathu,"Aniyappan, Arjun, Sruthibala",Romance,2
2013,Pattam Pole,Azhagappan,"Dulquer Salmaan, Malavika Mohanan,Archana Kavi, Anoop Menon",Romantic comedy,2
2013,Nadodimannan,Viji Thampi,"Dileep, Ananya, Mythili, Archana Kavi,Sayaji Shinde",Romance,2
2013,Bangles,Dr. Suvid Wilson,"Ajmal Ameer, Poonam Kaur, Archana Kavi",Thriller,2
2013,Cleopatra,Rajan Shankaradi,"Manoj K. Jayan, Prerana",Drama,2
2013,Cold Storage,"Vinod Vikraman, Shaiju Thamban","Basil, Jafeena, Muhamed Noufal",Thriller,2
2013,For Sale,Sathish Ananthapuri,"Mukesh, Sandhya",Drama,2
2013,Pottas Bomb,Sursh Achoos,"Indrans, Tini Tom, Priyanka, Anu SIthara, Chinju Mohan",Thriller,2
2013,Philips and the Monkey Pen,"Rojin Philip, Shanil Muhammed","Master Sanoop, Jayasurya, Remya Nambeesan",Children's film,2
2013,Ginger,Shaji Kailas,"Jayaram, Muktha",Drama,2
2013,Kadhaveedu,Sohanlal,"Kunchacko Boban, Bhama, Rituparna Sengupta","Anthology
Drama",2
2013,Geethaanjali,Priyadarshan,"Mohanlal, Nishan, Keerthi Suresh",Horror,2
2013,Thira,Vineeth Sreenivasan,"Shobhana, Dhyan Sreenivasan",Thriller,2
2013,Oru Soppetty Katha,Hafiz Ismail,"Shafeek Rahman, Hakkim Shajahan, Vanitha Manohar, Radhika Pillai",Comedy,2
2013,Nadan,Kamal,"Jayaram, Remya Nambeesan",Drama,2
2013,Mukham Mootikal,P. K. Radhakrishnan,"Guru Chemanchery Kunjiraman Nair, Irshad, Mohana",Drama,2
2013,Vishudhan,Vysakh,"Kunchacko Boban, Mia",Drama,2
2013,Bicycle Thieves,Jis Joy,"Asif Ali, Aparna Gopinath, Saiju Kurup, Aju Varghese",Drama,2
2013,Escape from Uganda,Rajesh Nair,"Rima Kallingal, Parthiban,Vijay Babu",Drama,2
2013,Namboothiri Yuvavu @43,Mahesh Sharma,"Maniyanpilla Raju, Thanushree Reghuram",Drama,2
2013,Punyalan Agarbathis,Ranjith Sankar,"Jayasurya, Nyla Usha",Drama,2
2013,Weeping Boy,Felix Joseph,"Sreenivasan, Arjun Narayan, Shritha Sivadas, Praveena, Lena Abhilash",Comedy,2
2013,Chewing Gum,Praveen M Sukumaran,"Sunny Wayne, Thinkal Bhal",Drama,2
2013,Miss Lekha Tharoor Kaanunnathu,Shajiyem,"Meera Jasmine, Badri, Suraj venjaramoodu, sankar, nandu, rosinjolly, geetha vijayan","Psychological thriller,",2
2013,The Power of Silence,V. K. Prakash,"Mammootty, Pallavi Purohit, Anoop Menon",Thriller,2
2013,Red Rain,Rahul Sadasivan,"Narain, Leona Lishoy",Sci-Fi,2
2013,Vedivazhipadu,Shambhu Purushothaman,"Saiju Kurup, Indrajith, Anumol, Murali Gopy, Mythili, Anusree",Drama,2
2013,Good Bad & Ugly,V. R. Rathish,"Sreejith Vijay, Meghana Raj",Drama,2
2013,Lillies of March,Sathish Thariyan,"Rahman, Abhimanyu, Abhinay, Sreejith Ravi",Drama,2
2013,Njan Anaswaran,G. Krishnaswami,"Ashokan, Vaiga",Drama,2
2013,Drishyam Blockbuster of the year,Jeethu Joseph,"Mohanlal, Meena, Ansiba Hassan","Drama,Thriller",2
2013,Oru Indian Pranayakatha,Sathyan Anthikkad,"Fahadh Faasil, Amala Paul",,
2013,Ezhu Sundara Rathrikal,Lal Jose,"Dileep, Rima Kallingal",,
2014,"Sony, Sajan, Sajna, Sreekutti",Drama,,,
2014,"Niyaz, Sarangi,",,,,
2014,Joshy Mathew,"Manoj K Jayan, Meera Nandan",Children's film,,
2014,Aadhi Balakrishnan,"Arun. V.Narayan, Swarna Thomas",Romance,,
2014,Sharath A. Haridaasan,"Dulquer Salman, Nazriya Nazim, Siddique, Santhanam",Romance,,
2014,T. V. Chandran,"Kailash, Sreenivasan, Mythili, Meera Nandan",Drama,,
2014,Mamas K. Chandran,"Mukesh, Saikumar, Innocent, Aparna Gopinath, Janardhanan, Vijayaraghavan, Biju Menon",Comedy,,
2014,Abrid Shine,"Nivin Pauly, Anoop Menon, Joy Mathew, Nikki Galrani",Sports,,
2014,Manoj Kana,"Anumol, M.R. Gopakumar",Drama,,
2014,Krishnajith S Vijayan,"Riyas M. T, Swarna Thomas, Lakshmi Sharma, Abid Anwar",Family,,
2014,London Bridge,Anil C Menon,"Prithviraj Sukumaran, Andrea Jeremiah, Nanditha Raj, Pratap Pothen, Lena Abhilash",Drama,
2014,Om Shanti Oshana,Jude Anthony Joseph,"Nivin Pauly Nazriya Nazim, Vineeth Srinivasan, Aju Varghese, Vinaya Prasad, Renji Panicker, Lal Jose",Romantic Comedy,
2014,Balyakalasakhi,Pramod Payyannur,"Mammootty, Isha Talwar, Meena, Mamukkoya",Drama,
2014,Salaam Kashmier,Joshiy,"Suresh Gopi, Jayaram, Mia George, Lalu Alex",Action,
2014,Pakida,Sunil Karyattukara,"Asif Ali, Biju Menon, Shine Tom Chacko, Malavika Sai",Thriller,
2014,@Andheri,Biju Bhaskar Nair,"Sreenivasan, Aparna Nair, Atul Kulkarni, Bineesh Kodiyeri",Drama,
2014,Dial 1091,Santo Thattil,"Lalu Alex, Sivaji Guruvayoor",Awareness,
2014,Alice: A True Story,Anil Das,"Priyamani, Prathap Pothan, Rahul Madhav",Drama,
2014,Happy Journey,Boban Samuel,"Jayasurya, Aparna Gopinath, Lal, Lalu Alex",Drama,
2014,Thomson Villa,Abin Jacob,"Ananya, Hemanth Menon, Sarayu, Innocent",Family,
2014,Swapaanam,Shaji N. Karun,"Jayaram, Siddique, Kadmbari, Lakshmi Gopalaswamy","Drama, Musical",
2014,Ettekal Second,Kanakaraghavan,"Govind Padmasoorya, Mia George","Drama, Romantic",
2014,Manja,Binoy Urmise,"Niyas, Ramesh Pisharody",Comedey,
2014,Minimolude Achan,Santhosh Pandit,"Santhosh Pandit, Sonia","Romantic, Drama",
2014,Nattarangu,Ramesh Maniyath,"Irshad, Vaigha",Drama,
2014,Parayan Baaki Vechathu,Kareem,"Maqbool Salmaan, Anumol, Devika",Political,
2014,Raktharakshas 3D,R Factor,"Sunny Wayne, Ananya",Horror,
2014,On The Way,Shanu Samad,"Sidhartha Shiva, Swasika, Surabhi",Thriller,
2014,Chakkaramampazham,P. Babu,"Kalabhavan Mani, Rajani Murali",Drama,
2014,Snehamulloral Koodeyullappol,Riju Nair,"Madhu, Manikkuttan, Sunu Lakshmi",Romance,
2014,Hangover,Sreejith Sukumaran,"Maqbool Salmaan, Shine Tom Chacko, Archana Gupta, Shritha Sivadas",,
2014,Konthayum Poonoolum,Jijo Antony,"Kunchacko Boban, Bhama",Drama,
2014,Father in Love,Vijayakumar K G,"Aasique, Kaveri, Navya",Drama,
2014,Vasanthathinte Kanavazhikalil,Anil V Nagendran,"Samuthirakani, Mukesh, Surabhi, Siddique",Patriortism,
2014,Praise the Lord,Shibu Gangadharan,"Mammooty, Reenu Mathews",Drama,
2014,Parankimala,Sennan Pallassery,"Biyon, Vinuda Lal",Romance,
2014,Puravasthu,M. S. Mahendra Kumar,"Pious Paul, Gopika Lal, Sunil Sukhada",Thriller,
2014,Mr. Wrong Number,Surya Menon,"Diyono, Alphy, Karthik Sreekumar, Akhil Augustin, Abhay Ravi",Thriller,
2014,Oru Campus Kadha,George Vettom,"Rishi, Nanma Somanath",Romance,
2014,Onnum Mindathe,Sugeeth,"Jayaram, Meera Jasmine, Manoj K Jayan",Drama,
2014,Day Night Game,Shibu Prabhakar,"Jithan Ramesh, Maqbool Salmaan, Archana Kavi, Bhagath Manuel",Thriller,
2014,Gamer,M R Anoop Raj,"Arjun Nandakumar, Basil, Nedumudi Venu, Devadevan, Hanna Bella",Thriller,
2014,Ponnarayan,Jibin Edavanakkad,"Babu Jose, Liana Raj",Drama,
2014,Gangster,Aashiq Abu,"Mammootty, Nyla Usha, Aparna Gopinath, Sekhar Menon",Crime thriller,
2014,7th Day,Syamdhar,"Prithviraj, Vinay Forrt, Anu Mohan, Janani Iyer",Crime thriller,
2014,Ringmaster,Rafi,"Dileep, Honey Rose, Keerthi Menaka, Kalabhavan Shajon",Family,
2014,Polytechnic,M Padmakumar,"Kunchacko Boban, Aju Varghese, Bhavana",Family,
2014,1 by Two,Arun Kumar Aravind,"Fahadh Faasil, Murali Gopy, Honey Rose, Abhinaya",Psychological thriller,
2014,Masala Republic,Visakh GS,"Indrajith, Sunny Wayne, Aparna Nair",Satire,
2014,Samsaaram Aarogyathinu Haanikaram,Balaji Mohan,"Dulquer Salmaan, Nazriya Nazim, Maniyanpilla Raju",Comedy,
2014,Mosayile Kuthira Meenukal,Ajith Pillai,"Asif Ali, Sunny Wayne, Janani Iyer, Swati Reddy",Adventure,
2014,Law Point,Lijin Jose,"Kunchacko Boban, Namitha Pramod",Drama,
2014,To Noora with Love,Babu Narayanan,"Mamta Mohandas, Krish Sathaar, Kaniha, Archana Kavi",Romance,
2014,Ulsaha Committee,Akku Akbar,"Jayaram, Isha Talwar, Sheela, Suraj Venjaramoodu, Kalabhavan Shajon",Comedy,
2014,One Day Jokes,Santhosh G,"Sreejith Vijay, Rachana, Rupasri",Silent film,
2014,God's Own Country,Vasudev Sanal,"Fahadh Faasil, Sreenivasan, Lal, Mythili, Isha Talwar",Thriller,
2014,My Dear Mummy,G Mahadevan,"Urvashi, Sandhya, Vinu Mohan",Drama,
2014,The Last Supper,Vinil Vasu,"Unni Mukundan, Anu Mohan, Pearlie",Thriller,
2014,Ezhu Desangalkumakale,Rasheed,"Sreejith Ravi, Varsha, Faizal, Vaikom Vijayalakshmi",Drama,
2014,Medulla Oblongata,Suresh Nair,"Rahul Madhav, Saiju Kurup, Rakendhu",Drama,
2014,How Old Are You,Roshan Andrews,"Kunchacko Boban, Manju Warrier, Kanika, Siddhartha Basu, Lalu Alex, Vinay Forrt, Kunchan, Amritha Anil, Thesni Khan",Drama,
2014,Mr. Fraud,B. Unnikrishnan,"Mohanlal, Mia George, Dev Gill, Siddique",Action,
2014,To Let Ambadi Talkies,Sakkir Madathil,"Arjun Asokan, Sinil Zainudheen, Swarna Thomas, Devika",Drama,
2014,Bangalore Days,Anjali Menon,"Nivin Pauly, Dulquer Salman, Fahadh Faasil, Nazriya Nazim, Parvathi Menon, Nithya Menon, Isha Talwar, Prathap Pothen, Kalpana, Maniyanpilla Raju, Praveena",Drama,
2014,Call Me @,Francis Thanikal,"Arjun Nandakumar, Natasha",Romance,
2014,Spider House,Sanjeev Babu,"Vishnu, Sini Varghese, Naveen, Rajeswari",Drama,
2014,Charithra Vamsam,Pravinkumar,"Siva, Nelson, Shilpa",Revenge,
2014,Garbhasreeman,Anil Gopinath,"Suraj Venjaramoodu, Kalabhavan Shajon, Gauri Krishna",Comedy,
2014,My Life Partner,M.B. Padmakumar,"Sudhev, Ameer, Sukanya, Anusree",Drama,
2014,Pianist,M. Hyderali,"Anu Mohan, Manochitra",Musical,
2014,Koothara,Srinath Rajendran,"Mohanlal, Bharath, Sunny Wayne, Bhavana Menon, Janani Iyer",Thriller,
2014,Naku Penta Naku Taka,Vayalar Madhavankutty,"Indrajith, Bhama, Murali Gopy, Shankar",Thriller,
2014,Test Paper,S. Vinodkumar,"Jagadeesh, Nandu, Munna, Mahalekshmi",Drama,
2014,Angry Babies in Love,Saji Surendran,"Anoop Menon, Bhavana, Anusree",Romantic comedy,
2014,Beware of Dogs,Vishnu Prasad,"Sreenath Bhasi, Sekhar Menon",Comedy,
2014,Gunda,Salim Baba,"Kalabhavan Mani, Tini Tom, Sunil Sukhada",Crime,
2014,Nilavurangumpol,Sidhiq Paravoor,"Rajitha, Nishil, Sreeni Kodungallur",Drama,
2014,Swaha,"Rajesh, Usman","Avinash, Sona, Mamukkoya, Bijukkuttan",Drama,
2014,Monayi Angane Aanaayi,Santhosh Khan,"Aju Varghese, Bhagath Manuel",Comedy,
2014,Wound,Rajasenan,"Rajasenan, Divya, Krishnapriya",Family,
2014,Njananu Party,Snoba Alex,"Kalashala Babu, Tony, Aishwarya",Drama,
2014,Christmas Cake,Sajan Kurien,"Akhil, Fr. Thomas, Jagadeesh",Drama,
2014,Malayalakkara Residency,Kuttichal Sasikumar,"Jagathy Sreekumar, Innocent, Suraj Venjaramoodu, Kalpana",Comedy,
2014,Vegam,K G Anil Kumar,"Vineeth Kumar, Prathap Pothen, Shammi Thilakan, Samskruthy Shenoy, Jacob Gregory",Thriller,
2014,Iniyum Ethra Dhooram,P R Krishna,"Madhu, Ambika Mohan","Family, Drama",
2014,Shesham KadhaBhagam,Bhagyanathan C G,"Anoop Chandran, Anjana, Mohan Ayiroor",Drama,
2014,Solar Swapnam,Joy Antony,"Devan,Bhuvana, Seema G Nair",Drama,
2014,Tharangal,Jeevan,"Anoop Chandran, Rishikesh, Rupashri, Seema G Nair, Rajasahib",Drama,
2014,Vikramadithyan,Lal Jose',"Dulquer Salmaan, Unni Mukundan, Anoop Menon, Namitha Pramod, Lena",Drama,
2014,Hi I'm Tony,Jean Paul Lal,"Asif Ali, Mia George, Lal, Lena, Biju Menon",Psycho Thriller,
2014,Manglish,Salam Bappu,"Mammootty, Tini Tom, Vinay Forrt, Caroline Beck, Alexx O'Nell",Comedy,
2014,Avatharam,Joshiy,"Dileep, Lakshmi Menon, Devan, Shammi Thilakan","Action,Thriller",
2014,Apothecary,Madhav Ramadasan,"Suresh Gopi, Jayasurya, Asif Ali, Indrans, Abhirami, Meera Nandan",Medical Thriller,
2014,Njan Steve Lopez,Rajeev Ravi,"Farhaan Faasil, Ahaana Krishna",Drama,
2014,Munnariyippu,Venu,"Mammootty, Aparna Gopinath, Nedumudi Venu",Thriller,
2014,John Paul Vaathil Thurakkunnu,Chandrahasan,"Deepak Parambol,Sudip, Joshy,Shruthi",Thriller,
2014,Mizhi Thurakku,Dr.Santhosh Souparnika,"R. Ganesh Kumar, Sruthi Lakshmi, Vijayaraghavan",Drama,
2014,Kerala Home Guards,Sajeev Kilikulam,"Babu T.V., Sajeev Kilikulam, Angracious",Drama,
2014,Peruchazhi,Arun Vaidyanathan,"Mohanlal, Ragini Nandwani, Mukesh, Baburaj",Satire,
2014,Veyilum Mazhayum,Shyju. N,"Sudhir Karamana, Harikumar K.G., Anoop Chandran, Shobi Thilakan, VijayaKumari",Drama,
2014,RajadhiRaja,Ajai Vasudev,"Mammootty, Raai Laxmi, Lena, Siddique",Comedy/Action,
2014,Bhaiyya Bhaiyya,Johny Antony,"Kunchako Boban, Nisha Agarwal, Biju Menon, Suraj Venjaramoodu, Innocent",Comedy,
2014,Sapthamashree Thaskaraha,Anil Radhakrishnan Menon,"Prithviraj, Reenu Mathews, Sanusha, Asif Ali, Neeraj Madhav, Nedumudi Venu",Drama,
2014,Villali Veeran,Sudheesh Shankar,"Dileep, Namitha Pramod, Kalabhavan Shajon, Nedumudi Venu, Mythili",Comedy,
2014,9/10/1943,Muhammed Rafi,Sreekanth Menon,Patriotism,
2014,Njaan,Ranjith,"Dulquer Salmaan, Anumol,Sruthy Ramachandran, Suresh Krishna, Joy Mathew,Muthumani, Jyothi Krishna, Saiju Kurup",Drama,
2014,Vellivelichathil,Madhu Kaithapram,"Suraj Venjarammoodu, John Brittas, Iniya, Lalu Alex, Tini Tom, Sreejith Ravi, Raveendran, Sudheer Karamana",Drama,
2014,Vellimoonga,Jibu Jacob,"Biju Menon, Aju Varghese, Nikki Galrani",Comedy,
2014,Money Ratnam,Santhosh Nair,"Fahadh Faasil, Niveda Thomas",Comedy,
2014,Central Theater,Kiran Narayanan,"Hemanth Menon, Sidhartha Siva",Thriller,
2014,Tamaar Padaar,Dileesh Nair,"Prithviraj, Baburaj, Chemban Vinod, Srinda Ashab",Satirical comedy,
2014,Homely Meals,Anoop Kannan,"Vipin Atley, Srinda Ashab, Rajesh Sharma, Neeraj Madhav",Comedy,
2014,100 Degree Celsius-Part 1,Rakesh Gopan,"Shwetha Menon, Bhama, Meghana Raj, Ananya",Women Centric Thriller,
2014,Asha Black,John Robinson,"Arjun Lal, R. Sarathkumar, Manoj K. Jayan",Drama,
2014,Maramkothi,Baby Thomas,"Sreejith Ravi, Tini Tom, Indrans, Mamukkoya",Romance,
2014,Nakshatrangal,Raju Chambakara,"Saikumar, Maniyanpilla Raju, Ramesh Pisharadi, Sachin, Pinky",Drama,
2014,Persiakkaran,Alok R Nath,"Mukesh, Adil, Jubi Nainan",Drama,
2014,Ithihasa,Binu S,"Shine Tom Chacko, Anusree,Balu","Comedy, Fantasy",
2014,Study Tour,Thomas Benjamin,"Kaushik Babu, Siddique, Sai Kumar, Praveena",Drama,
2014,Mithram,Jaspal Shanmughan,"Askar Saudan, Soorya Kiran, Gauri Krishna, Geetha Vijayan",Horror,
2014,Nayana,K.N. Sasidharan,"Anupam Kher, Mia George, Baby Ankitha, Siddique, Jagadeesh, Kalpana, Prakash Barre",Drama,
2014,Koottathil Oral,K. Padma Kumar,"Siddique, Divya Darshan, Soja Jolly, Rajasri Nair",Drama,
2014,Kurutham Kettavan,Shiju Cherupannoor,"Hari Krishnan, Shammi Thilakan, Anusree",Drama,
2014,Hello Innu Onnam Theeyathiya,Sahadevan Iyyakkad,"Sasi Kalinga, Vijayan Karanthoor, Purushu Kovoor",Drama,
2014,Njangalude Veettile Athidhikal,Sibi Malayil,"Jayaram, Priyamani, Kalabhavan Shajon, Narein, Lena",Family,
2014,Pedithondan,Pradeep Chokli,"Suraj Venjaramoodu, Anusree, Madhupal","Comedy, Drama",
2014,Education Loan,Moni Sreenivasan,"Jgadeesh, Indrans, Geetha Vijayan",Drama,
2014,Varsham,Ranjith Sankar,"Mammootty, Asha Sarath, Mamta Mohandas, Govind Padmasoorya",Family,
2014,Iyobinte Pustakam,Amal Neerad,"Fahadh Faasil, Jayasurya, Lal, Padmapriya, Isha Sharvani, Jinu Joseph, Chemban Vinod",Period Thriller,
2014,Little Superman 3D,Vinayan,"Praveena, Master Deny, Madhu, Baby Nayantara",Children's Film,
2014,Ormayundo Ee Mukham,Anwar Sadik,"Vineeth Sreenivasan, Namitha Pramod, Aju Varghese, Lakshmi, Mukesh, Idavela Babu",Romantic Musical,
2014,Oru Korean Padam,Sujith S Nair,"Maqbool Salmaan, Joy Mathew, Mithra Kurian, Tini Tom",Thriller,
2014,Ottamandaram,Vinod Mankara,"Bhama, Nedumudi Venu, Sajitha Madathil, Kochu Preman, Nandu",Drama,
2014,Lal Bahadur Shastri,Rejishh Midhila,"Jayasurya, Aju Varghese, Nedumudi Venu, Lakshmipriya, Sandra Simson",Comedy,
2014,Mummyude Swantham Achoos,Raju Michael,"Raju Michael, Devan, Renish, Urmila Unni, Jaffer Idukki",Drama,
2014,Odum Raja Aadum Rani,Viju Varma,"Tini Tom, Manikandan Pattambi, Indrans, Sreelakshmi Sreekumar",Comedy,
2014,You Can Do,Nandakumar Kavil,"Kalabhavan Haneefa, Vijayaraghavan, Indrans, Reena Bashir",Comedy,
2014,Neeharika,Saji Vaikom,"Hema Shankar, Amal, Anjana, Kavya, Murali",Drama,
2014,The Dolphins,Diphan,"Suresh Gopi, Anoop Menon, Meghana Raj, Nandu",Drama,
2014,Mylanchi Monchulla Veedu,Benny K. Joseph,"Jayaram, Asif Ali, Kaniha, Meera Nandan, Madhu",Comedy drama,
2014,Angels,Jean Markose,"Indrajith, Asha Sarath, Baiju","Mystery, Thriller",
2014,Mathai Kuzhappakkaranalla,Akku Akbar,"Jayasurya, Bhama ], Mukesh",Drama,
2014,Karanavar,Jahangir Shamz,"Divya Darshan, Sreelakshmi, Mukesh, Rajendran, Kalabhavan Shajon, Sunil Sukhada, Chembil Asokan, Indrans, Kalpana",Drama,
2014,Actually,Shine Kurian,"Hemand Menon, Aju Varghese, Sreenivasan, Bhagath Manuel, Sneha Unnikrishnan",Drama,
2014,Seconds,Aneesh Upasana,"Jayasurya, Vinayakan, Vinay Fort, Aparna Nair",Thriller,
2014,Colour Balloon,Subaash Thiruvilwmala,"Tini Tom, Nandu, Jagadish, Vijayakumar, Praveena",Drama,
2014,Cousins,Vysakh,"Kunchacko Boban, Indrajith Sukumaran, Vedhika, Nisha Aggarwal",Comedy,
2014,Aamayum Muyalum,Priyadarshan,"Jayasurya, Piaa Bajpai, Harisree Ashokan, Innocent, Nedumudi Venu",Comedy,
2014,Nagaravaridhi Naduvil Njan,Shibu Balan,"Sreenivasan, Sangeetha, Manoj K Jayan, Innocent",Comedy,
2014,8 : 20,Shyam Kumar,"Arjun Nandakumar, Avantika Mohan, Bijukuttan, Jayakrishnan",Drama,
2014,Kalidasan Kavitha Ezhuthukayanu,Santhosh Pandit,"Santhosh Pandit, Lakshmi, Jayasree, Sreedevi, Reshma",Drama,
2015,Sand City,Family,Shankar,"Prajin, Gowtham Krishna, Thanishka, Varuna Shetty",
2015,Akashangalil,Family,Rixon Xavier,"Shankar, Pooja Vijayan, Renjith Raj, Rakesh Krishna",
2015,6,Comedy,Guru Raja,"Mukesh, Tini Tom, Guinness Pakru, Baburaj",
2015,At Once,Romance,Syed Usman,"Jagadheesh, Indrans, Badri, Swasika",
2015,Perariyathavar,Drama,Dr. Biju,"Suraj Venjaramoodu, Indrans",
2015,Ellam Chettante Ishtam Pole,Family,Haridas,"Manikandan Pattambi, Balachandran Chullikadu, Sunil Sukhada, Urmila Unni",
2015,Ammakkoru Tharattu,Family,Sreekumaran Thampi,"Suraj Venjaramoodu, Lakshmi Gopalaswamy, Manju Pillai, Sharada, Madhu",
2015,Mayapuri 3D,Children's film,Mahesh Kesav,"Kalabhavan Mani, Baby Esther, Adil Muhammed",
2015,Village Guys,Drama,Shaan,"Ashokan, Nakshatra, Nirmal Jacob, Dr. Haneesh Khani, Shafi Basheer, Navami",
2015,Mariyam Mukku,Romance,James Albert,"Fahadh Faasil, Sana Althaf, Samuthirakani, Aju Varghese, Seema G. Nair, Manoj K. Jayan",
2015,Mili,Drama,Rajesh Pillai,"Nivin Pauly, Amala Paul, Sai Kumar, Sanusha",
2015,Picket 43,Drama,Major Ravi,"Prithviraj, Javed Jaffrey, Renji Panicker, Anusha",
2015,Rasam,Drama,Rajeev Nath,"Mohanlal, Indrajith, Nedumudi Venu, Varuna Shetty",
2015,Mashithandu,Drama,Anish Urumbil,"Balachandran Chullikkadu, Seema G. Nair, Master Minone",
2015,Aadu,Romantic Comedy,Midhun Manuel Thomas,"Jayasurya, Saiju Kurup, Sunny Wayne, Srinda Ashab",
2015,Cinema @ PWD Rest House,Drama,V.V.Santhosh,"Manikandan Pattambi, Sreejith Ravi, Mamukoya",
2015,Saaradhi,Thriller,Gopalan Manoj,"Sunny Wayne, Sreenivasan, Nedumudi Venu, Vinutha Lal, Madhupal",
2015,Raag Rangeela,Drama,Yousuf Muhamed,"Aadithyan, Druvan, Hanna Jayanth",
2015,1000 : Oru Note Paranja Katha,Thriller,A.R.C. Nair,"Bharath, Mukesh, Maqbool Salmaan, Biyon, Leema Babu",
2015,Fireman,Drama,Dipu Karunakaran,"Mammootty, Nyla Usha, Siddique, Unni Mukundan",
2015,Haram,Romance,Vinod Sukumaran,"Fahadh Faasil, Radhika Apte",
2015,White Boys,Drama,Melila Rajasekhar,"Vijayaraghavan, Anjali Aneesh Upasana, Kaushik Babu, Joy Mathew",
2015,Compartment,Drama,Salim Kumar,"Kalabhavan Mani, Anjali Aneesh Upasana, Kalabhavan Shajon",
2015,Namasthe Bali Island,Drama,K.V.Bejoy,"Aju Varghese, Roma Asrani, Manoj K. Jayan, Devan",
2015,Friendship,Comedy,Khader Hasan,Sreejith Vijay,
2015,Alif,Social,NK Muhammed Koya,"Kalabhavan Mani, Lena Abhilash, Nedumudi Venu",
2015,Maanikyam,Drama,R. J. Prasad,"Sahil Suni, Ajaya Ghosh, Sree Laya",
2015,Iruvazhi Thiriyunnidam,Drama,Biju C. Kannan,"Kalabhavan Mani , Jayasree , Anoop Chandran",
2015,Nellikka,Romance,Bijith Bala,"Atul Kulkarni, Deepak Parambol, Sunny Wayne, Parveen, Sija Rose",
2015,Kalyanism,Drama,Anuram,"Ananya, Mukesh, Kailash",
2015,The Reporter,Thriller,Venugopan,"Samudrakani, Kailash, Ananya",
2015,Onnam Loka Mahayudham,Suspense Thriller,Sreevarun,"Tovino Thomas, Aparna Gopinath, Chemban Vinod Jose",
2015,Love Land,Romance,Haja Moinu,"Kollam Thulasi, Archana, Surabhi",
2015,Elanjikkavu P.O,Family,Sangeeth,"Mukesh, Nandini, Salim Kumar, P.C.George",
2015,You Too Brutus,Thriller,Roopesh Peethambaran,"Asif Ali, Rachana Narayanankutty, Sreenivasan, Honey Rose",
2015,100 Days of Love,Romance,Jenuse Mohamed,"Dulquer Salmaan, Nithya Menen, Sekhar Menon, Praveena",
2015,Njan Ninnodu Koodeyundu,Drama,Priyanandanan,"Sidharth Bharathan, Vinay Forrt, Madhupal, Navami, Aparna",
2015,Oru Vadakkan Selfie,Comedy,G. Prajith,"Nivin Pauly, Aju Varghese, Neeraj Madhav, Manjima Mohan",
2015,Ennum Eppozhum,Drama,Sathyan Anthikkad,"Mohanlal, Manju Warrier, Innocent, Lena",
2015,Ivan Maryadaraman,Comedy,Suresh Divakar,"Dileep, Nikki Galrani",
2015,Bhaskar the Rascal,Comedy,Siddique,"Mammootty, Nayantara, Harisree Ashokan, Sanoop Santhosh",
2015,She Taxi,Comedy,Saji Surendran,"Anoop Menon, Kavya Madhavan, Suraj Venjaramoodu, Tini Tom",
2015,Chandrettan Evideya,Comedy Drama,Sidharth Bharathan,"Dileep, Anusree, Namitha Pramod, K. P. A. C. Lalitha",
2015,Chirakodinja Kinavukal,Comedy,Santhosh Viswanathan,"Kunchacko Boban, Rima Kallingal, Sreenivasan, Murali Gopy",
2015,Oru Second Class Yathra,Comedy,"Jexson Antony, Rejis Antony","Vineeth Sreenivasan, Nikki Galrani, Sreejith Ravi, Chemban Vinod Jose",
2015,Laila O Laila,Suspense Thriller,Joshiy,"Mohanlal, Amala Paul, Sathyaraj",
2015,Nee-Na,Drama,Lal Jose,"Vijay Babu, Ann Augustine, Deepti Sati, Sunil Sukhada",
2015,Sir C. P.,Drama,Shajoon Kariyal,"Jayaram, Honey Rose, Seema, Rohini, Vijayaraghavan",
2015,Swargathekkal Sundaram,Drama,Manoj Aravindakshan,"Sreenivasan, Maithili, Lal, Joy Mathew",
2015,Kumbasaram,Drama,Aneesh Anwar,"Jayasurya, Honey Rose",
2015,Ivide,Crime thriller,Shyamaprasad,"Prithviraj Sukumaran, Nivin Pauly, Bhavana (actress)",
2015,Premam,Romance,Alphonse Putharen,"Nivin Pauly, Vinay Forrt, Sai Pallavi",
2015,Samrajyam II: Son of Alexander,Action,Perarasu,"Unni Mukundan, Akanksha Puri, Manoj K. Jayan, Vijayaraghavan, Riyaz Khan",
2015,Unto the Dusk,Social,Sajin Babu,"Sanal Aman, Shilpa Kavalam",
2015,CR No: 89,Social,Sudevan,"Ashok Kumar, Pradeep Kumar, Santhosh Babu",
2015,Lukka Chuppi,Comedy,Bash Muhammad,"Jayasurya, Murali Gopy, Remya Nambeesan",
2015,Nirnnayakam,Thriller Drama,V. K. Prakash,"Asif Ali, Malavika Mohan, Nedumudi Venu, Tisca Chopra",
2015,Thinkal Muthal Velli Vare,Family Comedy,Kannan Thamarakkulam,"Jayaram, Rimi Tomy, Anoop Menon",
2015,Appavum Veenjum,Drama,Viswanathan,"Sunny Wayne, Ramya Krishnan, Prathap K. Pothan",
2015,8th March,Suspense Thriller,Albert Antoni,"Baburaj, Rahul Madhav, Ekatrina",
2015,Kanthari,Drama,Ajmal,"Rachana Narayanankutty, Shekhar Menon",
2015,3 Wikkattinu 365 Runs,Drama,K.K.Haridas,"Jagathy Sreekumar, Kalpana, Cochin Haneefa",
2015,Kidney Biriyani,Drama,Madhu Thathampalli,"Anil Panachooran, Madhu, Ranjith",
2015,Aashamsakalode Anna,Drama,Sangeeth Louis,"Madhu, Captain Raju, Indrans",
2015,32 aam Adhyayam 23 aam Vaakyam,Drama,"Arjun Prabhakar,Gokul Ramakrishnan","Govind Padmasurya, Mia George, Lal, Arjun Nandhakumar",
2015,Lavender,Romance,Altas T. Ali,"Rahman, Elham Mirza, Anoop Menon",
2015,St Mariesile Kolapathakam,Drama,HN Shijoy,"Sudheer Karamana, Aparna Nair, Sreejith Nair",
2015,Monsoon,Drama,Suresh Gopal,"John Jacob, Aisha Azcym, Lalu Alex, Joy Mathew, Indrans, Kochu Preman, Vanitha",
2015,Aval Vannathinu Shesham,Drama,Chandru Manickavasagam,"Maneesh Kurup, baby Nayanthara, Rosin Jolly",
2015,Loka Samastha,Drama,Sajith Sivan,"Aju Varghese, Anu Mohan",
2015,Oru New Generation Pani,Drama,Sankar Narayanan,"Biyon Gemini, Devan",
2015,Wonderful Journey,Drama,Dileep Thomas,"Kalabhavan Mani, Baburaj, Radha Varma",
2015,Pickles,Drama,Akbar Shifas,"Harikrishnan, Jeens",
2015,Plus or Minus,Family,Janardanan,"Devan, Indrans",
2015,Kanyaka Talkies,Family,K.R.Manoj,"Murali Gopy, Lena",
2015,Madhura Naranga,Comedy,Sugeeth,"Kunchacko Boban, Biju Menon, Parvathy Ratheesh",
2015,Acha Dhin,Family,G.Marthandan,"Mammootty, Manasi Sharma, Pathmaraj Ratheesh",
2015,KL 10 Patthu,Family,Mohsin Parari,"Unni Mukundan, Chandini Sreedharan",
2015,Love 24x7,Romance,Sreebala K Menon,"Dileep, Sreenivasan, Suhasini",
2015,Ayal Njanalla,Comedy,Vineeth Kumar,"Fahadh Faasil, Mrudula Murali, Renji Panicker, Sijoy Varghese",
2015,Jilebi,Drama,Arun Sekhar,"Jayasurya, Remya Nambeesan, Vijaya Raghavan",
2015,Rudra Simhasanam,Thriller,Shibu Gangadharan,"Suresh Gopi, Nikki Galrani, Nedumudi Venu",
2015,Vishwasam... Athallae Ellaam,Drama,Jayaraj Vijay,"Shine Tom Chacko, Ansiba Hassan",
2015,Rasputin,Comedy,Jinu G Daniel,Vinay Forrt,
2015,Mumbai Taxi,Drama,Fazil Basheer,Badusha,
2015,High Alert,Action,Chandra Mahesh,"Bhagyaraj, Suman, Kalabhavan Shajon, Anjana Menon",
2015,Uthara Chemmeen,Drama,Benny Aasamsa,"Biyon Gemini, Ansiba Hassan",
2015,Just Married,Comedy,Sajan Johny,"Sreeram Ramachandran, Devan",
2015,Loham,Drama,Renjith,"Mohanlal, Andrea Jeremiah, Aju Varghese, Tini Tom",
2015,Thaarakangale Saakshi,Drama,Gopakumar Narayanapilla,"Madhupal, Kalasala Babu, Mamukoya, TP Madhavan",
2015,Moonnaam Naal,Drama,Prakash Kunjan,"Kalabhavan Mani, Indrans, Sruthi Madhav, Shivaji Guruvayoor",
2015,Kerala Today,Action,Kapil,"Maqbool Salmaan, Itti Acharya, Sreejith Ravi, Sunil Sukhada",
2015,Utopiayile Rajavu,Satire comedy,Kamal,"Mammootty, Jewel Mary",
2015,Double Barrel,Comedy thriller,Lijo Jose Pellissery,"Prithviraj, Indrajith, Arya, Asif Ali, Swati Reddy, Isha Sharvani, Sunny Wayne",
2015,Jamna Pyari,Romance,Thomas Sebastian,"Kunchako Boban, Gayathri Suresh, Joy Mathew, Aju Varghese, Suraj Venjaramoodu, Arjun Nandhakumar",
2015,Kunjiramayanam,Comedy,Basil Joseph,"Vineeth Sreenivasan, Dhyan Sreenivasan, Srinda Ashab, Sneha Unnikrishnan, Aju Varghese",
2015,Ennu Ninte Moideen,Romance,R. S. Vimal,"Prithviraj, Parvathy, Tovino Thomas, Lena Abhilash, Saikumar, Bala",
2015,Njan Samvidhanam Cheyyum,Drama,Balachandra Menon,"Balachandra Menon, Gayathri, Dakshina, Shankar, Menaka, Ravindran, Sreekanth Sasikanth",
2015,Urumbukal Urangarilla,Drama,Jiju Asokan,"Vinay Forrt, Ananya, Lal, Aju Varghese, Kalabhavan Shajon, Innocent",
2015,Kohinoor,Heist,Vinay Govind,"Asif Ali,Indrajith Sukumaran,Aju Varghese,Chemban Vinod Jose,Vinay Forrt,Aparna Vinod,Bhavana",
2015,Life of Josutty,Romantic drama,Jeethu Joseph,"Dileep, Rachana Narayanankutty, Aqsa Bhatt, Suraj Venjaramoodu",
2015,Ain,,Sidharth Siva,Mohammad Mustafa,
2015,Kaliyachan,Drama,Farooq Abdul Rahman,"Manoj K Jayan, Vaiga",
2015,Kadhayulloru Pennu,Social,P Musthafa,"Ishanth Sukumaran,Nuzrath Jehan",
2015,Saigal Padukayanu,Drama,Sibi Malayil,"Shine Tom Chacko, Ramya Nambeesan",
2015,Oraalppokkam,Drama,Sanal Kumar Sasidharan,"Prakash Bare, Meena Kandaswamy",
2015,Namukkore Aakaasam,Drama,Pradeep Mullanezhi,Joy Mathew Irshad,
2015,Pathemari,Drama,Salim Ahmed,"Mammootty,Sreenivasan, Jewel Mary",
2015,Ithinumappuram,Drama,Manoj Alunkal,"Riyaz Khan, Meera Jasmine",
2015,Amar Akbar Anthony,Comedy,Nadirshah,"Prithviraj Sukumaran, Indrajith Sukumaran, Jayasurya, Akanksha Puri, Namitha Pramod",
2015,Lord Livingstone 7000 Kandi,Fantasy,Anil Radhakrishnan Menon,"Kunchacko Boban, Bharath, Reenu Mathews, Sunny Wayne, Chemban Vinod Jose, Jacob Gregory, Sudheer Karamana",
2015,Vidooshakan,Historical,TK Santhosh,"V. K. Prakash, Indrans",
2015,Nikah,Drama,Asad Alavil,"Sreenath Bhasi, Sekhar Menon,Samskruthy Shenoy",
2015,Kanal,Suspense Thriller,M. Padmakumar,"Mohanlal,Anoop Menon,Pratap Pothan,Honey Rose",
2015,Rani Padmini,Thriller Travelogue,Aashiq Abu,"Manju Warrier,Rima Kallingal,Sajitha Madathil,Sreenath Bhasi",
2015,Ben,Childrens',Vipin Atlee,"Gaurav Menon, Adish Parveen, Anwar Shareef, Suraj Venjaramoodu, Anjali Upasana",
2015,Ottaal,Biographical drama,Jayaraj,"Ashanth K Shah, Kumarakom Vasudevan, Shine Tom Chacko",
2015,Salt Mango Tree,Comedy,Rajesh Nair,"Biju Menon, Lakshmi Priyaa Chandramouli, Suhasini Maniratnam, Paris Laxmi, Indrans, Sarayu, Sudheer Karamana",
2015,Anarkali,Romantic Thriller,Sachy,"Prithviraj Sukumaran,Biju Menon,Miya George,Priyal Gor",
2015,Ilamveyil,Family,Shiju Balagopalan,"Sumith Raghav, Deekshith Dileep, Jayalakshmi",
2015,Su.. Su... Sudhi Vathmeekam,Comedy,Ranjith Sankar,"Jayasurya, Swathy Narayanan, Shivada Nair, Aju Varghese, Mukesh, KPAC Lalitha",
2015,Rajamma @ Yahoo,Comedy,Reghu Rama Varma,"Kunchacko Boban, Asif Ali, Nikki Galrani, Anusree",
2015,Akkaldamayile Pennu,Drama,Jairam Kailas,"Shweta Menon, Vineeth, Malavika, Sudheer Karamana",
2015,Aana Mayil Ottakam,Anthology,"Jayakrishnan
 Anil Sign","Indrans, Mithun Murali, Balu Varghese, Sunil Sugatha",
2015,Thilothama,Comedy,Preethi Panicker,"Rachana Narayanankutty, Madhu, Siddique, Manoj K. Jayan",
2015,Sughamayirikkatte,Drama,Reji Prabhakaran,"Archana Kavi, Vineeth",
2015,ATM,Heist,Jespal Shanmugan,"Jackie Shroff, Bhagath Manuel, Subhiksha, Vinayakan, Preveen Prem",
2015,Rockstar,Fantasy,V.K. Prakash,"Siddharth Menon, Anumol, Divya darshan, Eva Pavithran, Krishnachandran, M. Jayachandran, Mallika Sukumaran, Mridul Nair, Mukundan, Poornima Bhagyaraj, Prakash Bare, Praseedha, Shani, Sona Nair, Sreelatha Namboothiri",