Year,Title,Genre,Director,Cast,Level
2015,Khushi Khushiyagi,Romance,Yogi G. Raj,"Ganesh, Amulya, Nandini Rai",2
2015,Shivam,Thriller,Srinivasa Raju,"Upendra, Saloni Aswani, Ragini Dwivedi, P. Ravi Shankar, Makarand Deshpande",2
2015,Paipoti,Romance,K. Ram Narayan,"Gururaj, Niranjan Shetty, Poojasri",2
2015,Shabarimale Yatre,Devotional,Sairam Shanthakumar,"Aniruddh, Akshay Kumar, Guruprasad, Vivek",2
2015,Jackson,Comedy,Sanath Kumar,"Duniya Vijay, Pavana Gowda, Rangayana Raghu",2
2015,Siddhartha,Romance,Prakash,"Vinay Rajkumar, Apoorva Arora, Sudharani",2
2015,Mirchi Mandakki Kadak Chai,Comedy/Romance,Sanjotha,"Badikella Pradeep, Apoorva Bharadwaj, Sachin BG, Namratha",2
2015,Suvvi,Romance,M. C. Venkatesh,"Arjun, Manasi, Ramya, M. D. Kaushik",2
2015,Ond Chance Kodi,Comedy,Sathyamitra,"Ravishankar Gowda, Patre Ajith, Dr. Nandini, Linto, Shruti, B. C. Patil, Tennis Krishna, Sadhu Kokila",2
2015,Abhinetri,Biographical drama,Sathish Pradhan,"Pooja Gandhi, Atul Kulkarni, P. Ravi Shankar, Makarand Deshpande, Neethu",2
2015,Prana Koduve Gelathi,Romance,Yathiesh B. S.,"Kiran Karla, Raksha Shenoy",2
2015,Raja Rajendra,Fantasy / Comedy,Pon Kumaran,"Sharan, Ishita Dutta, Vimala Raman, P. Ravi Shankar, Sadhu Kokila",2
2015,Eradu Kanasu,Drama,Dorai-Bhagavan,"Rajkumar, Kalpana , Manjula, K. S. Ashwath, Balakrishna",2
2015,DK,Satire comedy,Vijay Kampali,"Prem, Chaitra Chandranath, Rishikumara Swamy, Sunny Leone",2
2015,Kotigond Love Story,Romance,Jaggu Sirsi,"Rakesh Adiga, Shubha Poonja, Heather Elizabeth Tully, Biradar",2
2015,Mythri,Drama,Giriraj,"Mohanlal, Puneeth Rajkumar, Archana, Bhavana, Atul Kulkarni",2
2015,Benkipatna,Romance,TK Dayanand,"Prathap Narayan, Anushri, Arun Sagar, Prakash Belawadi, Jahangir",2
2015,Rudra Tandava,Action,Guru Deshpande,"Chiranjeevi Sarja, Radhika Kumaraswamy, Krishna, Kumar Govind, Girish Karnad , P. Ravi Shankar",2
2015,A Day in the City,Thriller,Venkat Bharadwaj,"Srinivasa Kappanna, Laxman Shivashankar, Sridharan, Manohar Ramakumar, Lokesh Chandra",2
2015,Flop,Drama,Karan Kumar,"Vijeth Gowda, Sukrutha Wagle, Sandeep, Akhil",2
2015,Goa,Romantic comedy,Surya,"Komal Kumar, Tarun Chandra, Srikanth, Sharmila Mandre, Rachel Waiz, Sonu Gowda",2
2015,Ondu Romantic Crime Kathe,Crime,Sam J. Chaitanya,"Arun, Ashwini Chandrashekar, Poojashree,",2
2015,Om,"Action, Romance",Upendra,"Shiva Rajkumar, Prema, Srishanthi, Sadhu Kokila, Honnavalli Krishna",2
2015,Master Mind,Action,Kumar Govind,"Rajvardhan, Kumar Govind, Thamanna, Bhakthi, Bullet Prakash",2
2015,Raincoat,Romance,Gaali Lucky,"Vijay Jetty, Apoorva Rai, Ramya Ramachandran",2
2015,Q,Drama,Sanjeev Megothi,"Neeraj Shah, Akhila, Neha Saxena, Dhanraj",2
2015,Krishna Leela,Romance,Shashank,"Ajay Rao, Mayuri, Rangayana Raghu",2
2015,Rhaatee,Romance,A. P. Arjun,"Dhananjay, Shruthi Hariharan, Bullet Prakash, Suchendra Prasad",2
2015,Mutthina Maleyali,Romance,Manju Sagar,"Manju Sagar, Ramanithu Chaudhary, Sharath Lohitashwa, Ramakrishna",2
2015,Kaldogbitte,Drama,Uday Prem,"Ashu Ashok, Poojitha, Balaram, Bank Janardhan, Bhavya",2
2015,Vaastu Prakaara,Satire,Yogaraj Bhat,"Rakshit Shetty, Jaggesh, Aishani Shetty, Parul Yadav, Ananth Nag, Sudha Rani",2
2015,Katte,Romantic drama,Om Prakash Rao,"Chandan Kumar, Nagashekar, Shravya, Vriksha, Geetha, Om Prakash Rao",2
2015,Just Maduveli,Romance,Kolar Seena,"Harish Kumar, Deepa Gowda, Gayathri Gowda, Bullet Prakash, Bank Janardhan",2
2015,Nagaari,Romance,Nandish,"Vikas, Anupama, Vinay Devaraj, Hruthik, Sharath Lohitashwa, Rangayana Raghu",2
2015,Rana Vikrama,Action Thriller,Pawan Wadeyar,"Puneeth Rajkumar, Anjali, Adah Sharma, Rangayana Raghu",2
2015,Melody,Romance,Nanjunda Krishna,"Rajesh Krishnan, Chethan Gandharva, Karthika Menon, Akshatha, Ramakrishna, Mandya Ramesh",2
2015,Khaidi,Action,R. Guruduth,"Dhanush, Chandini, Tabla Nani, Mohan Raj, Veena Sundar",2
2015,Male Nilluvavarege,Thriller,Mohan Shankar,"Mohan Shankar, Kavitha Bohra, H. G. Dattatreya, Sharath Lohitashwa",2
2015,Hingyake,Romantic comedy,T. S. Satyajith,"Pratheek Thakkar, Deepthi Mane, Sunil, Kushi",2
2015,Daksha,Action,S. Narayan,"Duniya Vijay, Pankaj Narayan, Neha Patil, Rangayana Raghu, Bullet Prakash, Padmaja Rao",2
2015,Mahakali,Action,S. Mahendar,"Malashri, Dilip Prakash, Pooja",2
2015,Endendigu,Romance,Imran Sardhariya,"Ajay Rao, Radhika Pandit, H. G. Dattatreya, Ashok, Tabla Nani",2
2015,Rebel,Action,Rajendra Singh Babu,"Auditya, Sanjjanaa, Preethika Rao, Shawar Ali, Suhasini Maniratnam, Sudharani, Sharath Lohitashwa, Ramakrishna",2
2015,Bombay Mittai,Romantic drama,Chandra Mohan,"Niranjan Deshpande, Disha Pandey, Bullet Prakash, Chikkanna, Kishore Ballal",2
2015,Mrugashira,Action,Srivatsa,"Prajwal Devaraj, Manasa Himavarsha, Ananth Nag, Avinash, Tabla Nani, Pannagha Bharan, Sadhu Kokila",2
2015,Eradondla Mooru,Romance,Kumar Dutt,"Chandan Kumar, Shwetha Pandit, Shobhitha, Sridhar",2
2015,Murari,Action,H. Vasu,"Sri Murali, Rashmi Jadhav, Sharath Lohitashwa, Petrol Prasanna",2
2015,Pataragitti,Romance,Eshwar,"Srikanth, Praju Poovaiah, Lucky Shankar, Tabla Nani, Bullet Prakash, Shakeela",2
2015,Ranna,Action,Nanda Kishore,"Sudeep, Rachita Ram, Hariprriya, Madhoo, Prakash Raj, Devaraj, Sadhu Kokila",2
2015,Vidaaya,Drama,P. Sheshadri,"Suchendra Prasad, Lakshmi Gopalaswamy, H. G. Dattatreya, Pratham",2
2015,Vajrakaya,Action,Harsha. A,"Shiva Rajkumar, Karunya Ram, Nabha Natesh, Sadhu Kokila, Avinash",2
2015,Aata Paata,Children,Kodlu Ramakrishna,"Kumari Lahari, Jai Jagadish, Ramesh Bhat, Suchithra, Padmaja Rao, Arjun Devayya",2
2015,Ganapa,Drama,Prabhu Srinivas,"Santhosh, Priyanka, Padmaja Rao, Petrol Prasana, Tharun Kumar, Kalyan Kumar, Devadarshini",2
2015,Goolihatti,Action,Shashank Raj,"Pavan Surya, Tejaswini, Aman, Raghavendra, Adi Lokesh, Appu Venkatesh, Mahesh, Doddanna, Mamatha Rahuth",2
2015,Aarambha,Drama,Abhi Hanakere,"Mithun Prakash, Kavya, Abhirami, Rasagavala Narayan, Baby Hasini",2
2015,Rangi Taranga,Mystery thriller,Anup Bhandari,"Nirup Bhandari, Avantika Shetty, Radhika Chetan, Sai Kumar",2
2015,Fashion,Drama,Mohamed Ziaulla,"Gagan Nimesh, Athishri Sarkar, Shefali Singh, Samikshaa Bhat",2
2015,Preethiyinda,Romance,Raju Halaguru,"Rakesh Adiga, Soniya Gowda, Avinash, Ramesh Bhat, Girija Lokesh",2
2015,Bullet Basya,Comedy,Jayatheertha,"Sharan, Haripriya, Yathiraj Jaggesh, Rangayana Raghu",2
2015,Mane Thumba Bari Jamba,Drama,Arunesh - Naveen,"Jagadish, Mahesh, Lakshmish Bhat, Akshata, Jyothi Gowda, Anita",2
2015,Kanasu,Drama,Santhosh Shetty Kateel,"Gangadhar Bellare, Chidananda Kamath, Thammanna Shetty, Vasantha Lakshmi",2
2015,Lodde,Comedy,S. V. Suresh Raj,"Komal Kumar, Akanksha Puri, Shayaji Shinde, Avinash",2
2015,Red Alert,Crime action,Chandra Mahesh,"Mahadevan, Anjana Menon, Suman, Vinod Alva, Bullet Prakash, Kurigalu Prathap",2
2015,Sapno Ki Rani,Romance,A. R. Babu,"Srujan Lokesh, Aishwarya Shindogi, Chikkanna, Ashok",2
2015,Shirdi Sri Saibaba,Animation,M. R. Balakrishna,"Sudharshan, Asha, Kavya, Rahul, Abhi, Chandana (voice-overs)",2
2015,Male,Romantic Comedy,Tejas,"Prem Kumar, Amulya, Sadhu Kokila, Bullet Prakash",2
2015,Buguri,Romantic Comedy,M. D. Sridhar,"Ganesh, Richa Panai, Erica Fernandes, Sadhu Kokila",2
2015,Uppi 2,Psychological thriller,Upendra,"Upendra, Kristina Akheeva, Parul Yadav, Priyanka Upendra",2
2015,Shh Eccharike,Horror,Nagaraj Kandagal,"Maruthi, Akshatha, Baby Shreya, Ajith",2
2015,Aatagara,Suspense thriller,K. M. Chaitanya,"Chiranjeevi Sarja, Meghana Raj, Parul Yadav, Ananth Nag, P. Ravi Shankar, Anu Prabhakar, Dwarakish",2
2015,Drohi,Drama,Parashuram B. Dalanjana,"Jashwanth Jadhav, Prakash Naik, Amruthashree",2
2015,Muddu Manase,Romance,Ananth Shine,"Arun Gowda, Nithya Ram, Aishwarya Nag",2
2015,RX Soori,Romantic Crime drama,Sreejay,"Duniya Vijay, Akankshaa, Ravi Shankar, Adi Lokesh",2
2015,Om Namaha,Drama,Vijayendran,"Vijayendran, Vaidehi, Petrol Prasanna",2
2015,141,Erotic drama,Bhavaji,"Farooq Khan, Tanya, Kavya Acharya",2
2015,Billa,Action,"Rama Narayanan
 Shiva Maamani","Krishnadev, Anjana, Shravanth, Sudharani, Bhavya, Jai Jagadish, Ashok",2
2015,Geetha Bangle Store,Drama,Manju Mithra,"Pramod Panju, Sushmitha, Achyuth Kumar, Guruprasad, Bhavya, Vinaya Prasad, Mandya Ramesh",2
2015,Kendasampige,Romance,Duniya Soori,"Santhosh Reva, Manvitha Harish, Rajesh, Sheethal Shetty, Prakash Belawadi",2
2015,Namak Haraam,Romantic action,Nagaraj Peenya,"Krishna Mahesh, RJ Rapid Rashmi, Rajendra Karanth, Yathiraj, Girija Lokesh",2
2015,Charlie,Action,Shiva,"Krishna, Vaishali Deepak, Milana Nagaraj",2
2015,Luv U Alia,Romance,Indrajit Lankesh,"V. Ravichandran, Bhoomika Chawla, Chandan Kumar, Sangeetha Chauhan, Sudharani, Sudeep, Sunny Leone, Srujan Lokesh",2
2015,Neene Bari Neene,Romance,Deepak Thimmaiah,"Aneesh Tejeshwar, Deepika Kamaiah, Samyukta Hornad",2
2015,Arjuna,Romantic thriller,P. C. Shekar,"Prajwal Devaraj, Bhama, Devaraj, Ramesh Bhat, Sheethal Shetty",2
2015,A 2nd Hand Lover,Romance,Raghav Marasur,"Ajay Rao, Pranitha Subhash, Anisha Ambrose, Aishwarya, Sadhu Kokila",2
2015,Aa Rathri,Thriller,Mandya Nagaraj,"Ravi Chethan, Amithashree",2
2015,Chandrika,Horror,Yogesh M,"Jayram Karthik, Kamna Jethmalani, Srimukhi, Girish Karnad, Chikkanna",2
2015,Naanu Avanalla...Avalu,Drama,B. S. Lingadevaru,"Sanchari Vijay, Shwetha Desai, Aravind Kuplikar, Madhushree",2
2015,Mr. Airavata,Action,A. P. Arjun,"Darshan, Urvashi Rautela, Prakash Raj, Ananth Nag, Sadhu Kokila, Bullet Prakash",2
2015,Thamisra,Horror,Prakash Hassan,"Sugreev, Kavya, Sandeep R. Nair, Jeevan Suresh",2
2015,Dove,Romance,Santhu,"Anoop Sa. Ra. Govindu, Aditi Rao, Rakesh Adiga, Madalasa Sharma, Avinash, Jai Jagadish, Jaggesh",2
2015,Ring Master,Fantasy thriller,Vishruth Naik,"Arun Sagar, Anushree, Shrunga, Shwetha",2
2015,Titlu Beka,Romance,Anand G. K.,"Ayush, Neha Patil, Manasi, Vardhan, Raghavendra",2
2015,7,Drama,Chandrashekar Srivastav,"Chandrashekar Srivastav, Roopa Nataraj, Sadhu Kokila, Avinash, Rangayana Raghu, Ravi Khale, Danny Kuttappa",2
2015,Pandith Bhagyavidhatha,Drama,Krishnendra Pandit,"Krishnendra Pandith, Meghashree, Deepa Gowda, Mallesh Edehalli",2
2015,Plus,Suspense Drama,Gadda Viji,"Anant Nag, Sudharani, Chetan Chandra, Rithesh, Shalini Vadnikatti, P. Ravi Shankar, Achyuth Kumar",2
2015,Ganga,Action,Sai Prakash,"Malashri, Ravi Chethan, Srinivasa Murthy, Suchendra Prasad, Pavitra Lokesh",2
2015,Ring Road Suma,Crime drama,Priya Belliyappa,"Khushie, Nikita Thukral, Duniya Vijay, Avinash, Malavika Avinash",2
2015,Vascodigama,Comedy,Madhuchandra,"Kishore, Parvathy Nair, Suchendra Prasad",2
2015,Bettanagere,Crime-thriller,Mohan Gowda Bettanagere,"Sumanth Shailendra, Akshay, Nayana, Vinod Kambli, Avinash, Achyuth Kumar, Bullet Prakash",2
2015,Kaada Haadiya Hoogalu,Childrens',L. N. Mukunda Raj,"Siri Gowri, Prakash Urs, Venkata Raju, Nagathihalli Chandrashekar, B Suresh, K V Nagaraja Murthy",2
2015,Kanchana,Horror,Vijay Surana,"Rahul, Roopa Nataraj, Vijay Chendur, Hemanth, Hanumanthe Gowda, Geetha, Roopa Gowda",2
2015,Mana Mechhida Bangaru,Romance,Sai Prakash,"Bangaru Hanumanthu, Roja, P. Ravi Shankar, Srinivasa Murthy, Ramesh Bhat, Sadhu Kokila, Shobhraj, Shashikala",2
2015,Mumtaz,Romance,Raghava Murali,"Dharma Keerthiraj, Sharmila Mandre, Keerthiraj, Chikkanna, M. S. Umesh, Rockline Sudhakar, Darshan",2
2015,Thippaji Circle,Biographical drama,Aditya Chikkanna,"Pooja Gandhi, Suresh Sharma, Dhruva Sharma, Neha Patil, Bhavya, Anitha Bhat",2
2015,Madam Helida Kathe,Childrens',"Bhadravathi Ramakrishna
 D Dasharath","Baby Sanjana, Master B N Chethan, Master Bharath, Master Sumukha, Master Bharani, Mandeep Roy, Mukhyamantri Chandru, Amrutha Katti",2
2015,Ouija,Supernatural horror,Rajkumar Reddy,"Bharath, Shraddha Das, Madhuri Itagi, Gayathri Iyer, Kadambari Jethwani, Avinash, Sayaji Shinde",2
2015,Rakshasi,Horror,Ashraf,"Navarasan, Sindhu Lokanath, G. K. Reddy, Kuri Pratap, Sujith",2
2015,Sri Sai,Devotional,Sai Prakash,"Harish Raj, Naveen Krishna, Sai Prakash, Roja, Disha Poovaiah, Srinivasa Murthy, Ramesh Bhat, Bank Janardhan",2
2015,Vamshodharaka,Drama,Aditya Chikkanna,"Vijay Raghavendra, Meghana Raj, Naveen Krishna, Lakshmi, Srinivasa Murthy",2
2015,Ram-Leela,Romantic,Vijay Kiran,"Chiranjeevi Sarja, Amulya, Sanjjanaa, Urvashi, Sadhu Kokila, Rangayana Raghu",2
2015,Baa Naale Baa,Thriller,T. K. Arasu,"Ajith Kumar, Suvarna, Dharani, Harshitha, Shobhraj, Ramesh Surya, Bank Janardhan",2
2015,Octopus,Action,P. Annayya,"Kishore, Yagna Shetty, Thilak Shekar, Tara, Ashwini, Jai Jagadish, Bullet Prakash",2
2015,Bengaluru 560023,Sports Comedy,Pradeep Raj,"Karthik Jayaram, Chandan Kumar, Dhruv, Rajeev, Sanjjanaa, Shivani",2
2015,Boxer,Action,Preetham Gubbi,"Dhananjay, Kruthika Jayakumar, Charandeep, Rangayana Raghu, Sumithra",2
2015,Mamu Tea Angadi,Drama,A. Paramesh,"Varun Kumar, Abhishek, Rithesh, Mahesh Raj, Sangeetha Bhat, Rashi Singh, Archana Singh",2
2015,Shambo Mahadeva,Drama,Mysore Manju,"Akash, Neha Patil, R N Sudarshan, Sathyajith, Shobhraj, Biradar, Ganesh Rao",2
2015,1st Rank Raju,Comedy drama,Naresh Kumar H. N.,"Gurunandan, Apoorva Gowda, Thanishka Kapoor, Ananth Nag, Achyuth Kumar, Sudha Belavadi, Sadhu Kokila",2
2015,Alone,Thriller,Jagadish Kumar,"Simran, Nikesha Patel, Vasishta N. Simha, Iniya, Ganesh Prasad, Bullet Prakash, Tabla Nani, Dilip, Avinash",2
2015,Pattabhisheka,Drama,KSR,"Yuvraj Kalyankumar, Gowri Nair, Khushi, R T Rama",2
2015,Rocket,Action romance,Shivashashi,"Sathish Ninasam, Aishani Shetty, Achyuth Kumar, Nagendra Shah, Padmaja Rao,",2
2015,The Plan,Action thriller,Keerthi,"Ananth Nag, Kousthubh Jayakumar, Hemanth, Sriram, Jagadish, Sanath, Gauthami, Harish Roy, Ramesh Bhat",2
2015,Care of Footpath 2,Drama,Kishan Shrikanth,"Deepp Pathak, Avika Gor, Dingri Naresh ,Esha Deol, Kishan Shrikanth, Karthik Jayaram, Anees Bazmee, Shivaram",2
2015,Gowdrudugru,Drama,Venkateshwara Reddy E,"Santhosh, Gopikrishna, Ravi Shankar, Shilpa Ashwi, Priyanka Malnad, Pooja, Bullet Prakash",2
2015,Manitha,Children's,Savitha Bernard,"Shailesh, Bhagyashree, Ashwini, Bharath, Adugodi Srinivas, Dingri Nagaraj, Shivakumar",2
2015,Minchagi Nee Baralu,Romance,Randeep Shantharam Mahadik,"Diganth, Kriti Kharbanda, Ramesh Bhat, Dilip Raj, Archana, Sihi Kahi Chandru",2
2015,Rathavara,Action thriller,Chandrashekar Bandiyappa,"Sri Murali, Rachita Ram, Ravi Shankar, Chikkanna, Sadhu Kokila, Charan Raj",2
2014,Gharshane,Action thriller,Dayal Padmanabhan,"Malashri, Ashish Vidyarthi, P. Ravi Shankar, Roopika",2
2014,Karnataka Ayodhyapuram,Political drama,V. Lava,"Rakesh Adiga, Nayana Puttaswamy",1
2014,Vishwa Vinayaka,Drama,V. Swaminathan,"Dr. Vasanth, Suma, Ashwini, Rohini Nagaraj, Sudarshan",
2014,Mahasharana Haralayya,Biographical,B.A. Purushottam,"Ramesh Aravind, Sridhar, Ramakrishna, Ramesh Bhat, Raju Dingri, Vikram Udayakumar",
2014,Nage Bomb,Comedy Drama,Nagendra Urs,"Ravishankar Gowda, Anitha Bhat, Sadhu Kokila",
2014,Angaaraka,Action Romance Drama,Srinivas Kaushik,"Prajwal Devaraj, Pranitha, Hardika Shetty, Avinash, Muni, Dharma, Veena Venkatesh, Veena Sunder",
2014,Ninnindale,Action Romance Drama,Jayanth C. Paranjee,"Puneeth Rajkumar, Erica Fernandes, Thilak Shekar, Brahmanandam, Avinash, Vinayak Joshi",
2014,Dosthi,Action Drama,Anand V,"Prithvi, Surya, Prakash, Niharika Malya, Bank Janardhan",
2014,Navarangi,Comedy,Umesh,"Sadhu Kokila, Roopika, Ravishankar Gowda, Layendra",
2014,Vasundhara,Drama,T. S. Nagabharana,"Rajesh, Jayanthi, Aishwarya Nag, Sudharani, Jugari Avinash",
2014,Amanusha,Mystery Thriller,Jayasimha Musuri,"Thilak Shekar, Jackie Shroff, Alisha",
2014,Anjada Gandu,Romantic comedy,Pradeep Raj,"Sathish Ninasam, Subhiksha, T. S. Nagabharana",
2014,Darling,Romance,Santhu,"Yogesh, Muktha",
2014,Brahma,Drama Action,R. Chandru,"Upendra, Pranitha, Sonu Sood, Nassar, Rangayana Raghu, Shayaji Shinde, Rahul Dev, Girish Karnad",
2014,Nakra,Action Drama,A. Shivakumar,"Thiller Manju, Somu, Shobharaj, Spoorthi, Harish Rai, Tennis Krishna",
2014,Crazy Star,Romance,V. Ravichandran,"V. Ravichandran, Priyanka Upendra, Bhavana Rao, Prakash Rai, Akul Balaji, Rangayana Raghu",
2014,Kwatle,Drama,Chandrakala,"Paartha, Yagna Shetty",
2014,Little Master,Children,Shivaram Krishta,"Suchendra Prasad, Shankar Ashwath, Master Chiranjeevi, Shankar Prakash",
2014,Ugramm,Action,Prashanth Neel,"Sri Murali, Haripriya, Thilak Shekar, Atul Kulkarni, Avinash, Jai Jagadish, Padmaja Rao",
2014,Nan Life Alli,"Romance, Drama",Ramdeep,"Anish Tejeshwar, Sindhu Lokanath, Dileep Raj, Ajay Raj, Nikhila, Nagathihalli Chandrashekar, Mithra",
2014,Horror Picture,Horror,Vijay Surana,"Harish Raj, Roopashri, Kajal Rawat, Patre Ajith, Neha Patil, Vinay Chandra",
2014,Shivajinagara,Action Drama,P. N. Satya,"Duniya Vijay, Parul Yadav, Avinash, Ashish Vidyarthi, Triveni",
2014,Kalyanamasthu,Drama Family,Mallesh,"Raviprakash, Ajith, Pooja Gandhi, Tejaswini Prakash, Avinash, Sithara, Malavika Avinash, Umashree, Bank Janardhan",
2014,Dil Rangeela,Romance Drama,Preetham Gubbi,"Ganesh, Rachita Ram, Priyanka Rao, Rangayana Raghu, Yamuna, Achyuth Rao",
2014,Chandralekha,Comedy Drama Romance Thriller,N. Om Prakash Rao,"Chiranjeevi Sarja, Shanvi Srivastava, Sadhu Kokila, Nagashekar",
2014,Lights Camera Action,Psychological thriller,Gurudarshan Nagaraj,"Balu Nagendra, Archana, Vijay, Chethan",
2014,Karodpathi,Comedy Drama,P C Ramesh,"Komal Kumar, Meera Nandan, Jasmin Bhasin, Malavika, Guruprasad, Biradar, Dingri Nagaraj, Jayasri Krishna, Yathiraj",
2014,Savaal,Action Comedy Drama Romance,Dhananjay Balaji,"Prajwal Devaraj, Sona, Muthuraj, Raj K Purohit, Sadhu Kokila, Bullet Prakash, Rekha Das, Raju Thalikote, Achyuth Kumar, Tennis Krishna, Umesh",
2014,Love Show,Romance Drama Comedy,A Srinivasa Rao,"Santosh Kumar, Shishira, Manjunath, Rama Rao, Varma, Ranga, Sadhu Kokila, Bullet Prakash, Tabla Nani, Mandya Ramesh",
2014,Rangan Style,Romance Drama Comedy Action,Prashanth S.,"Pradeep, Kannika Tiwari, Sudeep, Sadhu Kokila, Sharath Lohitashwa, Deepika Das, Tabla Nani, Rekha Das",
2014,Manada Mareyalli,"Drama,
 Romance",Rajeev Nethra,"Srikanth (Sriki), Vindya, Ananth Nag, Ajay Rao, Rangayana Raghu, Bullet Prakash, Vishwa, Sandeep",
2014,Chathurbhuja,Action Thriller Drama,Krishna Lekhana,"Aarva, Shreya, Tabla Nani, Baadal, Tennis Krishna, Chandrika, Nagaraj Sharma, Mohan Juneja",
2014,Ragini IPS,Action,Anand P Raju,"Ragini Dwivedi, Petrol Prasanna, Avinash, Bhavya, Kavita Radheshyam",
2014,Ulidavaru Kandanthe,Action - Drama,Rakshit Shetty,"Rakshit Shetty, Kishore, Yagna Shetty, Tara, Achyuth Kumar, Sheetal Shetty, Rishab",
2014,Nimbe Huli,Comedy Romance,Hemanth Hegde,"Hemanth Hegde, Komal Jha, Madhurima Tuli, Nivedhitha, Bullet Prakash, Anupam Kher",
2014,Sadagara,Romance Drama,Raj Gopi Surya,"Shankar Aryan, Yagna Shetty, Sharath Lohitashwa",
2014,Huchudugaru,Comedy Drama,RJ Pradeepa,"Chetan Chandra, Amit Vishwanath, Prathap Raj, Aditi Rao, P. Ravishankar, Avinash, Tabla Nani",
2014,Endendu Ninagagi,Romance Drama,Mahesh Rao,"Vivek, Deepa Sannidhi, Aneesh Tejeshwar, Sindhu Lokanath",
2014,Athi Aparoopa,Romance,Dinesh Babu,"Prem Kumar, Aindrita Ray, Ananth Nag",
2014,Maryade,Drama,Maharaja,"Nagaraj, Ravi Chetan, Harshika Poonachha, Avinash, Suchendra Prasad",
2014,Khaidi,Action - Drama,K. S. R. Das,"Vishnuvardhan, Madhavi, Aarathi, Jayamalini, Mukhyamantri Chandru",
2014,Agraja,Action Drama,Sri Nandan,"Jaggesh, Darshan, Kamna Jethmalani, Sanjjanaa, Rangayana Raghu, Hardhika Shetty",
2014,Kwatle Sathisa,Comedy,Mahesh Rao,"Sathish Ninasam, Sonia Gowda, Achyuth Kumar",
2014,Aathma Sakshi,Drama,Manu N,"Manu, Shwetha Srivatsav, Shankar Bhat, Umesh",
2014,12/1/2015,Political drama,P. Sheshadri,"H. G. Dattatreya, Nivedhitha, Santhosh Uppina",
2014,Veera Pulikeshi,Action Drama,Ma Ba,"Bharath Sarja, Rekha Vedavyas, P. Ravi Shankar, Avinash, Raju Talikote, Padma Vaasanthi, Honnavalli Krishna",
2014,Malli,Romance Drama,Vishnupriyan,"Sujeeth, Disha Poovaiah, Soujanya, Sonia",
2014,Maanikya,Action Thriller Romance Drama Comedy,Sudeep,"V. Ravichandran, Sudeep, Ramya Krishna, Varalaxmi, Ranya, Ravishankar, Ashok, Avinash, Vijayakumar, Sadhu Kokila, Sharan, Tennis Krishna",
2014,Ajith,Action Thriller Romance Drama Comedy,Mahesh Babu,"Chiranjeevi Sarja, Nikki Galrani,",
2014,Just Love,Romance Drama,S. Nagendra Urs,"J. Karthik, Neha Saxena, Achyuth Kumar",
2014,Hara,Action Drama,Devaraj Palan,"Vasanth, Pragna, Rahul Dev, Vinaya Prasad, Sadhu Kokila, Avinash, Dharma",
2014,Gajakesari,Action Romance Period,Krishna,"Yash, Amulya, Ananth Nag, Shahbaz Khan, Rangayana Raghu, Sadhu Kokila",
2014,Savaari 2,Drama,Jacob Verghese,"Srinagar Kitty, Sruthi Hariharan, Kiran Rao, Girish Karnad, Abbas, Madhurima",
2014,Pungi Daasa,Comedy,M. S. Sreenath,"Komal Kumar, Asma Badar, R. N. Sudarshan, Sowcar Janaki, B. C. Patil",
2014,Oggarane,Comedy Drama,Prakash Rai,"Prakash Rai, Sneha, Samyuktha Horanadu, Urvashi",
2014,Billion Dollar Baby,Drama,Shriya Dinakar,"Shriya Dinakar, Suresh Heblikar, Shivadhwaj, Bank Janardhan",
2014,Matthe Satyagraha,Drama,B.Shivananda,"Yogesh, Neha Patil, H. G. Dattatreya",
2014,Jamboo Savari,Comedy Romance Drama,K. C. Venugopal,"Prajwal Devaraj, Nikki Galrani, Mitra, Achyuth Rao, Chaitra Rai",
2014,Preethi Geethi Ityaadi,Comedy Romance,Veerendra,"Pawan Wadeyar, Sangeetha Bhat, Vinaya Prasad, Rangayana Raghu",
2014,24 Carat,Drama,S. Umesh,"Virat, Pooja, Rishikumar, Rangayana Raghu, Shobharaj",
2014,Gargar_Mandala,Drama,Ravi Basrur,"Adarsh, Shemitha, Omguru, Vijay Basrur",
2014,Drishya,Family Drama Thriller,P. Vasu,"V. Ravichandran, Navya Nair, Prabhu, Asha Sarath, Achyuth Kumar, Suchendra Prasad",
2014,Typical Kailas,Comedy Romance,B. N. Mallika,"Srujan Lokesh, Vrinda Pavana, Om Prakash Rao",
2014,Love is Poison,Romance,Nandan Prabhu,"Rajesh, Shruthi Raj, Poonam Pandey",
2014,Jai Lalitha,Comedy,Pon Kumaran,"Sharan, Disha Pandey, Aishwarya Devan, Ravishankar Gowda, Harish Raj",
2014,Paru Wife of Devadas,Comedy Romance,Kiran Govi,"Srinagar Kitty, Soundarya Jayamala, Neha Patil, V. Manohar",
2013,Galaate,Romantic comedy,M. D. Sridhar,"Prajwal Devaraj, Kriti Kharbanda, Hardhika Shetty, Shashikumar, Tara",
2013,Ee Bhoomi Aa Bhanu,Romance,K. C. Venugopal,"Patre Ajith, Saranya Mohan, Suresh Heblikar",
2013,Kotlallappo Kai,Adult romance,Rishi,"Yathiraj, Dhanush, Nayana, Sangeetha Shetty",
2013,Manasina Putadali,Romance,Prashanth K. Shetty,"Kishan Bhandary, Raksha",
2013,Lakshmi,Action,Raghava Loki,"Shivarajkumar, Priyamani, Saloni Aswani, Komal Kumar",
2013,Varadanayaka,Action,Ayyappa P. Sharma,"Sudeep, Chiranjeevi Sarja, Sameera Reddy, Nikesha Patel",
2013,Bangari,Romantic comedy,Ma. Chandru,"Yogesh, Ragini Dwivedi, Sadhu Kokila, Ramesh Bhat",
2013,Sandalwood Sa Re Ga Ma,Drama,Sharath Kadhri,"Avinash, Sindhu Lokanath",
2013,Charminar,Romance,R. Chandru,"Prem Kumar, Meghana Gaonkar, Kumudha",
2013,Gombegala Love,Romance,Santhosh,"Arun, Pawana, Achyuth Kumar, Shruthi, Ramakrishna",
2013,Attahaasa,Action / Crime,A. M. R. Ramesh,"Arjun Sarja, Kishore, Suresh Oberoi, Vijayalakshmi, Lakshmi Rai, Bhavana Rao",
2013,Padhe Padhe,Romance,Peenya Nagaraj,"Tarun Chandra, Akhila Kishore, Mridula Sathe",
2013,Devarane,Comedy,Lucky Shankar,"Ravishankar Gowda, Neethu, Sadhu Kokila, Tabla Nani, Bullet Prakash, Bank Janardhan",
2013,Myna,Romance,Nagashekar,"Chetan Kumar, Nithya Menen, R. Sarath Kumar, Suhasini Maniratnam",
2013,Hejjegalu,Drama,P. R. Ramadas Naidu,"Baby Prakruthi, Achyuth Kumar, Sudha Belavadi,",
2013,Rajani Kantha,Romance / Drama,Pradeep Raj,"Duniya Vijay, Aindrita Ray, Bullet Prakash, Rekha",
2013,Simple Agi Ondh Love Story,Romance,Sunil Kumar,"Rakshit Shetty, Shwetha Srivatsav",
2013,Neenandre Ishta Kano,Romance,N T Jayarama Reddy,"Dhruv Sharma, Myna, Roopanjali, Sharan",
2013,Topiwala,Action comedy,M G Srinivas,"Upendra, Bhavana Menon, Rangayana Raghu, Ravishankar",
2013,Yaarivanu,Comedy,Madan Patel,"Ravi Chetan, Madan Patel, Anuki, Neha, Riya Rao",
2013,CID Eesha,Comedy,Rajesh Fernandes,"Jaggesh, Komal Kumar, Mayuri, Rangayana Raghu, Avinash",
2013,Ziddi,Action,R. Anantha Raju,"Prajwal Devraj, Aindrita Ray, Thilak Shekar, Aishwarya Nag",
2013,Nenapinangala,Romance,Dhanuchandra Mavinakunte,"Hemanth, Supreetha, Sudha Belawadi",
2013,Veera,Action,Ayyappa P. Sharma,"Malashri, Ashish Vidyarthi, Komal Kumar, Mukul Dev",
2013,Andhar Bahar,Action,Phaneesh Ramanathapura,"Shivarajkumar, Parvathi Menon, Shashikumar, Srujan Lokesh, Arundhati Nag",
2013,Bharath Stores,Drama,P. Sheshadri,"Sudharani, H. G. Dattatreya, Chi Guru Dutt, V. Manohar",
2013,Ee Banna Lokadali,Comedy,V. Rama Rao,"Ramesh Bhat, Veena Sundar, Rekha Das",
2013,Arya's Love,Romance,Puneeth Arya,"Shakti Kumar, Sukrutha Wagle",
2013,Bachchan,Action,Shashank,"Sudeep, Bhavana Menon, Tulip Joshi, Parul Yadav, Jagapati Babu",
2013,Manasa,Drama,Kodlu Ramakrishna,"Anitha Rani, Shivadwaj, Srinivasa Murthy, Ramesh Bhat",
2013,Akka Pakka,Comedy,UK Das,"Ravishankar Gowda, Tabla Nani, Radhika Gandhi",
2013,Paraari,Comedy,K. M. Chaitanya,"Shravanth, Shuba Poonja, Jahnavi Kamath, Shrunga, Bullet Prakash",
2013,Koormavatara,Drama,Girish Kasaravalli,"Shikaripura Krishnamurthy, Jayanthi",
2013,Belakinedege,Drama,Ajay Kumar,"Karibasavaiah, Ramakrishna, Mohan Juneja, Champa Shetty",
2013,Gajendra,Action,J. G. Krishna,"Vinod Prabhakar, Daisy Shah, Srinivasa Murthy, Sharath Lohitashwa",
2013,Sri Amareshwara Mahatme,Drama,Aravinda Mulagunda,"Abhijeeth, Sunanda Hospet, Ujwal, Bank Janardhan",
2013,Chatrigalu Saar Chatrigalu,Comedy,S. Narayan,"Ramesh Aravind, S. Narayan, Mohan Shankar, Umashri, Manasi, Sanathini",
2013,Jataayu,Action,Raaj,"Raaj, Surabhi, Roopasri, Avinash, Bullet Prakash",
2013,Benki Birugali,Thriller,Basheed,"Rishi, Namitha, Rekha Vedavyas, Sandhya, Saloni Aswani, Monica",
2013,Janma,Drama,Chandrachud,"Santhosh, Meenakshi, Sithara, Thalaivasal Vijay",
2013,Bulbul,Drama / Romance,M. D. Sridhar,"Darshan, Ambarish, Rachita Ram",
2013,Madarangi,Romance,Mallikarjun,"Krishna, Sushma Raj, Naksha Shetty, Sadhu Kokila, Avinash",
2013,Aane Pataaki,Comedy,Chandrashekar Bandiyappa,"Srujan Lokesh, Parvathi Nirban, Sadhu Kokila, Rangayana Raghu",
2013,Kumbha Rashi,Action,Chandrahas,"Chetan Chandra, Roopika, Sharath Lohitashwa, Harish Rai",
2013,Pagade,Drama,B. A. Purushottam,"Vishwas Bharadwaj, Gamya",
2013,Election,Action drama,Om Prakash Rao,"Malashri, Pradeep Rawat, Suchendra Prasad, Meghana Naidu",
2013,Jinke Mari,Drama / Romance,Naveen Kumar,"Yogesh, Sonia Gowda, Ramesh Bhat, Avinash, Suman Ranganathan, Sharath Lohitashwa",
2013,Kaveri Nagara,Romance,Ravi Manjunath,"Devaraj, Supreetha, Lohithaswa",
2013,Story Kathe,Thriller,K. R. Jagadisha,"Thilak Shekar, Pratap Narayan, Neha Patil, Parvathy Nair",
2013,Director's Special,Satire,Guruprasad,"Dhananjay, Rangayana Raghu, Tabla Nani",
2013,Operation Diamond Racket (Re-release),Spy,Dorai â€“ Bhagawan,"Rajkumar, Padmapriya, Vajramuni, Thoogudeepa Srinivas, Tiger Prabhakar",
2013,Kaddipudi,Action Crime,Duniya Soori,"Shivarajkumar, Radhika Pandit, Rangayana Raghu, Aindrita Ray, Avinash, Ananth Nag, Balu Nagendra",
2013,Radhan Ganda,Comedy drama,Murugan,"Komal Kumar, Poorna, Arya, Poorna Kumar",
2013,Mahanadi,Drama,Krishnappa Uppur,"Sanjjanaa, Dileep Raj, Rangayana Raghu, Shobharaj, Lokanath",
2013,Auto Raja,Drama / Romance,Uday Prakash,"Ganesh, Bhama, Deepika Kamaiah",
2013,Gharbada Gudi,Drama,Om Sai Prakash,"Anu Prabhakar, Mohan Shankar, Ramesh Bhat, Padmaja Rao, Tennis Krishna",
2013,Chandra,Period romance,Roopa Iyer,"Shriya Saran, Prem Kumar, Ganesh Venkatraman, Vivek",
2013,Nam Duniya Nam Style,Bromance,Preetham Gubbi,"Likhith Shetty, Sonia Gowda, Vinayak Joshi, Krishna, Milana Nagaraj, Kavya Shetty",
2013,Bidalare Endu Ninna,Horror,Umesh Badaradinni,"Naveen Krishna, Swathi, Bhumika Chabria, Sadhu Kokila",
2013,Cycle,Romance,Agni,"Agni, Harshika Poonacha, Lahari Velu",
2012,Shakti,Action,Anil Kumar,"Malashri, Ashish Vidyarthi, P. Ravi Shankar, Shayaji Shinde, Vinaya Prasad",
2012,Prarthane,Drama,K. Sadashiva Shenoy,"Ananth Nag, Prakash Raj, Sudha Murty, B. C. Patil, Master Manoj, Master Sachin",
2012,Rana Pratap,Action,G. K. Mudduraj,"Thriller Manju, Priyadarshini Bopaiah",
2012,Sidlingu,Drama,Vijaya Prasad,"Yogesh, Ramya, Suman Ranganathan",
2012,Ko Ko,"Comedy, Drama",R. Chandru,"Srinagar Kitty, Priyamani, Srihari, Anu Prabhakar, Sadhu Kokila, Rangayana Raghu",
2012,Tsunami,Action,Makham Manohar,"Raju Patil, Soniya, Rangayana Raghu, Tennis Krishna, Doddanna",
2012,Aarakshaka,Action- Thriller,P. Vasu,"Upendra, Ragini Dwivedi, Sadha, Seetha",
2012,Chingari,Romance-Action,Harsha,"Darshan, Deepika Kamaiah, Bhavana, Rangayana Raghu",
2012,Parijatha,Romance,Srinivas Prabhu,"Diganth, Aindrita Ray, Mukhyamantri Chandru",
2012,AK 56,Action,Om Prakash Rao,"Siddhanth, Sherin, Sumalatha, Atul Kulkarni",
2012,Tuglak,Romance,Aravind Kaushik,"Rakshit Shetty, Rishab, Meghana Gaonkar, Bank Janardhan",
2012,Nammanna Don,Comedy,Ramesh Aravind,"Ramesh Aravind, Mona Parvaresh, Sanathini",
2012,Gavipura,Drama,Kumar,"Suraj Sasnur, Soujanya, Tennis Krishna",
2012,Lucky,Romance,Dr. Soori,"Yash, Ramya, Sonu Sood",
2012,Saniha,Romance,Mahesh Chinmayi,"Abhay, Divya Sridhar, Bimbica, Shobaraj",
2012,Munjane,Romance,S. Narayan,"Ganesh, Manjari Phadnis, Malavika Avinash, S. Narayan",
2012,Sankranthi,Drama,Mahesh Babu,"Gururaj Jaggesh, Roopashree, Skanda",
2012,Puneet,Romance,Neel Kamal,"Dileep Pai, Nisha Shetty, Neethu",
2012,Alemari,Romance,Mahesh Kumar,"Yogesh, Radhika Pandit, Ramesh Bhat, Rangayana Raghu, Umashri",
2012,Bhagavantha Kai Kotta,Comedy,M. S. Umesh,"Ravishankar, Madhuri, Roopashree, Tennis Krishna",
2012,Magadi,"Crime, Romance",Suresh Goswami,"Deepak, Rakshita",
2012,Narasimha,"Action, Drama",Mohan Shankar,"V. Ravichandran, Nikesha Patel, Sanjjanaa",
2012,Prasad,Family Drama,Manoj Sathi,"Arjun Sarja, Madhuri Bhattacharya, Sankalp",
2012,Silence (Kannada Movie),Suspense thriller,Venugopal,"Thriller Manju, Surekha Pallavi, Kumar",
2012,Aa Marma,Suspense thriller,Madhusudhan,"Saikumar, Jackie Shroff, Rami Reddy, Thriller Manju, Satyaprakash",
2012,Govindaya Namaha,"Comedy, Drama",Pawan Wadeyar,"Komal Kumar, Parul Yadav, Madhulika Sharma, Anna Georgia, Rekha Vedavyas",
2012,Shikari,Action,Abhaya Simha,"Mammootty, Poonam Bajwa, Auditya",
2012,,,,,
2012,Bheema Theeradalli,"Action, Drama",Om Prakash Rao,"Duniya Vijay, Pranitha, Umashree",
2012,Dev Son of Mudde Gowda,Romance,Indrajith Lankesh,"Diganth, Charmee Kaur, Ananth Nag, Nathalia Kaur",
2012,Lady Boss,Action,Sharan,"Ayesha, Thriller Manju",
2012,Dashamukha,Action,Ravi Srivatsa,"V. Ravichandran, Ananth Nag, Devaraj, Saritha, Chetan Kumar, Avinash",
2012,Toofan,Romance,Smile Sreenu,"Yashas, Chandan, Nakshatra",
2012,Parie,Romance,Sudhir Attavar,"Rakesh Adiga, Smitha, Usha Uthup, Harshika Poonacha, Naga Kiran",
2012,,,,,
2012,Anna Bond,Action,Duniya Soori,"Puneeth Rajkumar, Priyamani, Nidhi Subbaiah, Ananth Nag, Jackie Shroff",
2012,Katari Veera Surasundarangi (3D),Romantic fantasy,Suresh Krishna,"Upendra, Ambarish, Ramya, Doddanna",
2012,Breaking News,Satirical comedy,Nagathihalli Chandrashekar,"Ajay Rao, Radhika Pandit, Ananth Nag, Rangayana Raghu",
2012,Kiladi Kitty,Comedy,R. Anantha Raju,"Srinagar Kitty, Haripriya, Nivedhitha",
2012,Gandhi Smiles,Drama,Raghavendra Kamath,"C. R. Simha, Umashri, Pavitra Lokesh, Suchindra Prasad, Mukhyamantri Chandru",
2012,Villain,Action,M. S. Ramesh,"Auditya, Ragini Dwivedi, Avinash, Rangayana Raghu",
2012,,,,,
2012,Jaanu,Romance/ Action,Preetham Gubbi,"Yash, Deepa Sannidhi, Rangayana Raghu",
2012,Crazy Loka,Romance,Kavita Lankesh,"V. Ravichandran, Daisy Bopanna, Harshika Poonacha, Bharathi Vishnuvardhan",
2012,Bhagirathi,Drama,Baraguru Ramachandrappa,"Tara, Bhavana, Kishore, Shivadwaj, Srinath",
2012,Rana,Action,Srinivasa Murthy,"Pankaj Narayan, Ambarish, Supritha, Spoorthi, Archana, Sonia Gowda",
2012,Devanahalli,Drama,Pallakki Radhakrishna,"Rahul, Shravani, Sriraghav, Jagadish, Uday, Sugriv, Vali Vidyarthi",
2012,Addhuri,Romance,A. P. Arjun,"Dhruv Sarja, Radhika Pandit",
2012,Indina Satya,Action,Aditya Chikkanna,"Bharath, Sudharani",
2012,Paper Dhoni,Drama,R. K. Nayak,"Naveen Krishna, Shanthala, Vinaya Prasad, Avinash",
2012,Nagavalli,Horror/ Thriller,Kumar,"Madhu Shalini, Karthik, Venu, Thriller Manju",
2012,Dandupalya,Crime drama,Srinivasa Raju,"Raghu Mukherjee, Pooja Gandhi, Priyanka Kothari, Sudharani, Makarand Deshpande, Bhavya",
2012,Hai Krishna,Romance,Roy Kollegala,"Krishna Supriya, Shruti Raj, Vijayalakshmi, Shankar Narayan",
2011,Sri Naga Shakthi,Drama,Om Sai Prakash,"Ramkumar, Shruthi, Ramesh Bhat",
2011,Thavarina Runa,Drama,Ramesh Raja,"Pooja Gandhi, Paramesh",
2011,Boss,Action,P. Raghuraj,"Darshan, Navya Nair, Umashree, Rekha",
2011,Kanteerava,Action,Tushar Ranganath,"Duniya Vijay, Shuba Poonja, Rishika Singh",
2011,Olave Mandhara,Romance,Jayatheertha,"Srikanth, Akanksha, Sharan",
2011,Ee Sanje,Romance,Shree,"Aarya, Sanjjanaa",
2011,Manasina Maathu,Romance,Ananta Raju,"Ajay Rao, Aindrita Ray",
2011,Kal Manja,Comedy,Guruprasad,"Komal Kumar, Udhayathara, Aishwarya Nag",
2011,Kalgejje,Drama,A. Bangaru,"Vishwas, Roopika, Ananth Nag",
2011,Kote,Action,Srinivasa Raju,"Prajwal Devaraj, Dimple",
2011,Rangappa Hogbitna,Comedy,M. L. Prasanna,"Ramesh Aravind, Sanjjanaa",
2011,1 Day,Action,Naveen,Appu Venkatesh,
2011,Suicide,Thriller,Prasad Guru,"Ruthik, Kalyani",
2011,Veera Bahu,Action,S. Mahendar,"Duniya Vijay, Nidhi Subbaiah",
2011,5 Idiots,Comedy,Anand,"Anand, Vasu, Naveen Krishna, Namratha Hegde, Harshika Poonachha",
2011,Naavu Nam Hendthiru,Drama,Seetharam Karanth,"Harish Raj, Nethra Shetty",
2011,Karthik,Drama,Sathish Shetty,"Kartik Shetty, Archana Gupta, Sudha Belawadi",
2011,Gun,Action,Harish Raj,"Harish Raj, Mallika Kapoor, Nikita Thukral",
2011,Saacha,Drama,Issac Baaji,"Mahadev, Divya Sridhar",
2011,Aptha,Thriller,Sanjeev Kumar,"Pooja Gandhi, Neeraj Sham, Sadhu Kokila",
2011,Take It Easy,Comedy,Ananth Padmanabh,"Ananth Nag, Shashikumar, Abhijeeth, Sanjjanaa, Shruthi",
2011,Rama Rama Raghu Rama,Comedy,Raghu Raj,"Rangayana Raghu, Sadhu Kokila, Doddanna, Shobharaj",
2011,Kempegowda,Action,Sudeep,"Sudeep, Ragini Dwivedi, Tara",
2011,Shravana,Romance,Rajashekar,"Vijay Raghavendra, Gayathri Iyer",
2011,Uyyale,Sentimental Drama,Dinesh. S,"Prabhu, Shilpa, Ramesh Bhat, Doddanna, Jai Jagadish, Tennis Krishna",
2011,Nee Illadhe,Romance,Shiva Ganapathy,"Raghu Mukherjee, Pooja Gandhi",
2011,Prince,"Romance, Action",Om Prakash Rao,"Darshan, Jennifer Kotwal, Nikita Thukral",
2011,Sanju Weds Geetha,"Drama, Romance",Nagashekar,"Srinagar Kitty, Ramya, Suhasini Maniratnam, Umashree Jai Jagadish",
2011,Journey,"Romance, Thriller",B. S. Sanjay,"Arjun, Bharath Kalyan, Shanthipriya, Nisha, Mahesh Balaji",
2011,Prema Chandrama,Romance,Shahuraj Shinde,"Raghu Mukherjee, Kiran Srinivas, Rekha",
2011,Mathond Madhuvena,Comedy,Dinesh Baboo,"Ananth Nag, Suhasini Maniratnam, Tara, Naveen Krishna, Jennifer Kotwal",
2011,106 Kanasu,Drama,Aviram,"Vasu Biradar, Bharath, Shreyas, Manoj, Jayanth",
2011,Dandam Dashagunam,Action,Madhesh,"Chiranjeevi Sarja, Ramya, Thilak, Ravishankar",
2011,Ellellu Neene Nannallu Neene,Romance,Richard Castellino,"Rohith, Sampritha, Rajinikanth, Neenasam Ashwath",
2011,Murali Meets Meera,Romance,Mahesh Rao,"Prajwal Devaraj, Reema Vohra, Harshika Poonachha",
2011,Double Decker,Comedy,Victory Vasu,"Jaggesh, Shradha Arya",
2011,Dhool,Action,Dharani,"Yogesh, Aindrita Ray, Prakash Raj",
2011,Hori,Drama,Narendra Magadi,"Vinod Prabhakar, Gowri Munjal",
2011,Hudugaru,Drama,Maadesh,"Puneeth Rajkumar, Radhika Pandit, Yogesh, Srinagar Kitty, Ramya Barna",
2011,Cool...Sakkath Hot Maga,Romance,Ganesh,"Ganesh, Aamna Sharif, Sadhu Kokila",
2011,Devadas,Romance,Shanthkumar,"Yogesh, Neethu Singh, Rangayana Raghu, Tara, Ramesh Bhat",
2011,Puttakkana Highway,Drama,B. Suresha,"Shruti, Prakash Raj, Ramesh Bhat, Veena Sundar",
2011,Kadhimaru,Drama,Rajashekar,"Deepak, Thilak, Raviteja, Adi Lokesh, Suma",
2011,Mallikarjuna,Drama,Murali Mohan,"V. Ravichandran, Seetha, Sadha, Ashish Vidyarthi, Ramya Barna, Ramesh Bhat",
2011,Noorondu Bagilu,Romance,Vemagal Jagannatha Rao,"Kiran Srinivas, Bianca Desai",
2011,Johny Mera Naam Preethi Mera Kaam,Romance,Preetham Gubbi,"Duniya Vijay, Ramya, Rangayana Raghu, Sadhu Kokila",
2011,Rajadhani,Social Drama,Raghu Jaya,"Yash, Sheena Shahabadi, Prakash Raj, Chetan Chandra, Umashree, Mumaith Khan",
2011,Dushta,"Action, Romance",S. Narayan,"Pankaj, Surabhi",
2011,Namitha I Love You,Masala,M. Jayasimha Reddy,"Namitha, Jayanthi, Srikanth, Pruthviraj, Bullet Prakash, Tennis Krishna",
2011,I Am Sorry Mathe Banni Preethsona,Romance,Ravindra,"Prem Kumar, Karishma Tanna, Dilip Raj",
2011,Oscar,Drama,Krishna,"Ashok Kumar, Priyanka Bulgannavar, Sangeetha Shetty",
2011,Bettada Jeeva,Drama,P. Sheshadri,"Dattatreya, Rameshwari Varma, Suchendra Prasad",
2011,Dhan Dhana Dhan,Romance,Ramnath,"Prem Kumar, Sharmila Mandre, Ananth Nag, Rangayana Raghu",
2011,Kirataka,Romantic comedy,Pradeep Raj,"Yash, Oviya Helen, Tara, T. S. Nagabharana",
2011,Maagiya Kaala,Drama,Shivarudraiah,"Nishanth, Bindushree",
2011,Romeo,Produced by KS Pictures[50],P. C. Shekar,"Ganesh, Bhavana Menon, Avinash",
2010,Minugu[1],Romance,Jaywanth Anthony,"Sunil Raoh, Pooja Gandhi, Akshata Raghunath, Ajith Hande",
2010,Naan Maadiddu Thappa?,Drama,N Veerendra Patil,"Kavyashree, Jagadeesh",
2010,Police Quarters,Action,A. M. R. Ramesh,"Sonu, Aneesh Tejeshwar",
2010,Samagama,Romance,Kasturi Jagnanath,"Vidya, Vishranth",
2010,Preethiya Theru,Romance,Prasad,"Thanil, Madhumitha, Rachana Mourya",
2010,Suryakaanti,Romance,K. M. Chaitanya,"Chetan Kumar, Regina Cassandra",
2010,Anishchitha,Thriller,M A Rehman Pasha,"Pavithra Lokesh, Devaraj",
2010,School Master,Drama,Dinesh Baboo,"Suhasini, Vishnuvardhan, Avinash, Tara",
2010,Porki,Action,M. D. Shridhar,"Darshan, Pranitha, Avinash",
2010,Aparaadhi,Action,H S Rajashekar,"Sangeetha, Devaraj",
2010,Ku Ku,Children's film,Upendra,"Vivek, Vinutha",
2010,Just Math Mathalli,Romance,Sudeep,"Sudeep, Ramya, Avinash, Yathiraj",
2010,Kolminchu,,Sangeeth Sagar,Arundhati,
2010,Yaare Nee Devathe,Romance,S. K. Nagendra Urs,"Kumar, Sangeetha Shetty, Dharma",
2010,Crazy Kutumba,Comedy,B Ramamurthy,"Ramesh Aravind, Ananth Nag, Sanathini, Dhanya, Bank Janardhan",
2010,Vimukthi,Drama,P. Sheshadri,"Bhavana, Ramakrishna, Sania",
2010,Aptharakshaka,"Horror, Drama",P. Vasu,"Vishnuvardhan, Lakshmi Gopalaswamy, Sandhya, Vimala Raman, Bhavana, Vinaya Prasad",
2010,Belli Modada Ambara,Romance,B S Sanjay,"Teena Ponnappa, Madhusudhan, Poornima Vishwanth",
2010,Mukhaputa,Drama,Roopa Iyer,"Roopa Iyer, Sanya Iyer",
2010,Jugaari,Drama,Aravind S. D.,"Avinash Diwakar, Harshika Poonacha, Avinash",
2010,Sugreeva,Action,Om Prakash Rao + 10 directors,"Shivarajkumar, Yagna Shetty, Harish Raj, Dilip Raj",
2010,Varshadhare,Drama,Vemagal Jagannath Rao,"Mithun Tejaswi, Payal Ghosh, Suraj, Sangeetha Shetty",
2010,Janani,Drama,Rajkumar Chandulal,"Vibha Rai, Prakash Rai, Kushboo, Jayasudha, Abdullah",
2010,Nanna Olavina Banna,Romance,Bhushan,"Ashwini, Shantala, Somasekhar",
2010,Preethi Nee Shashwatha Na?,Romance,L N Murthy,"Akshay, Keerthi",
2010,Sihi Gaali,Romance,Lekhan,"Sri Murali, Sherin, Sharan",
2010,Sri Harikathe,Romance,Dayal Padmanabhan,"Sri Murali, Pooja Gandhi, Radhika Gandhi, Naveen Krishna",
2010,Dildara,Action,Amar,"Aman, Reshma Chengappa, Kishore, Rangayana Raghu",
2010,Swayamvara,Romance,Anantha Raju,"Diganth, Srinagar Kitty, Sharmila Mandre, Tara",
2010,35/100 Just Pass,Drama,H. T. Deepak,"Vikram, Raghu, Shwetha, Shankar",
2010,Nirdoshi,Drama,Goverdhan,"Piyush, Anand, Kashish Richa, Arya, Manoj, Kulbhushan Kharbanda",
2010,Premism,Romance,Rathnaja,"Chetan Chandra, Amoolya, Varun",
2010,Sathya,Action,Kumar Govind,"Kumar Govind, Manasi",
2010,Thipparalliya Tharlegalu,Comedy,S. V. Rajendra Singh Babu,"S. Narayan, Komal Kumar, Ambareesh",
2010,Khiladi Krishna,Comedy,Jayanth,"Vijay Raghavendra, Tejaswini Prakash",
2010,Krishna Nee Late Aagi Baaro,Comedy,Mohan Shankar,"Ramesh Aravind, Neethu, Nidhi Subbaiah, Mohan Shankar",
2010,Parole,Action,Shekar,"Kishore, B. Suresh, Supreetha, Vishwas",
2010,Prithvi,Action drama,Jacob Verghese,"Puneeth Rajkumar, Parvati Menon, Avinash",
2010,Antaratma,Horror,B. Shankar,"Mithun Tejaswi, Vishaka, Rohan Gowda, Umashree",
2010,Ijjodu,Drama,M. S. Sathyu,"Anirudhh, Meera Jasmine",
2010,Preethi Nee Heegeke,Romance,Suresh Hangal,"Harish, Tejaswini Prakash",
2010,Ullasa Utsaha,Romance,Devaraja Palan,"Ganesh, Yami Gautam, Doddanna, Rangayana Raghu",
2010,Abhiram,Romance,Srinivasa Gundra Reddy,"Santosh, Swathi, Akshitha, Sandhyasri, Venugopal, Dayananda Sharma, TV Srikanta",
2010,Bombat Car,Fantasy,Rama Narayanan,"Ravishanker, Doddanna, Sharan, Sangeetha, Ramya Krishnan",
2010,Naanu Nanna Kanasu,Drama,Prakash Raj,"Prakash Raj, Amoolya, Sithara, Ramesh Aravind",
2010,Preethiyinda Ramesh,Romance,Gunakumar,"Ramesh Aravind, Ramanithu Chaudhary, Suma Guha",
2010,Tharangini,Drama,,"Mohan Shankar, Tejaswini Prakash, B. C. Patil, Shobaraj, Srinivasa Murthy, Doddanna",
2010,Nooru Janmaku,Romance,Nagathihalli Chandrashekar,"Santhosh, Aindrita Ray",
2010,Shankar IPS,Action,M. S. Ramesh,"Duniya Vijay, Catherine Tresa, Ragini Dwivedi, Rangayana Raghu",
2010,Nannavanu,Romance,Sreenivas Raju,"Prajwal Devaraj, Aindrita Ray, Komal Kumar",
2010,Khadak,Action,G. K. Mudduraj,"Jitesh, Padmavathi, Jai Jagadish, Om Prakash Rao, Maruthi, Lamboo Nagesh",
2010,Aithalakkadi,Comedy,J. G. Krishna,"Rangayana Raghu, Bullet Prakash, Neethu, Sharan",
2010,Hoo,Romance,V. Ravichandran,"V. Ravichandran, Namitha, Meera Jasmine",
2010,Thamassu,Action,Agni Shridhar,"Shivarajkumar, Padmapriya, Harshika Poonachha, Nasser",
2010,Krishnan Love Story,Romance,Shashank,"Ajay Rao, Radhika Pandit, Sharan, Harsha, Pradeep",
2010,Punda,Romance / Action,H. Vasu,"Yogesh, Meghana Raj, Sharath Lohitashwa, Petrol Prasanna",
2010,Mr. Theertha,Action,Sadhu Kokila,"Sudeep, Saloni Aswani, Ananth Nag, Geetha",
2010,Haaru Hakkiyaneri,Documentary,A. N. Prasanna,"Jayaram Tatachar, Vasudha Bharighat, Kishore, Master Vasudev Ram, Nirmala, Ramesh Athreya",
2010,Jotheyagi Hithavagi,Romance,S. K. Srinivas,"Chandan, Bharathi",
2010,Atheetha,Drama,M. Ravi Poojar,"Rajesh, Priyanka",
2009,Gulama,"Action
 Romantic",Tushar Ranganath,"Prajwal Devaraj, Sonu, Biyanka Desai",
2009,Anu,"Action
 Thriller",Shiva Ganapathy,"Pooja Gandhi, Duniya Rashmi",
2009,Chikkapete Saachagalu,Comedy,Nagendra Magadi,"S. Narayan, Jaggesh, Ashwini, Manasi, Doddanna",
2009,Kempa,Action,Jagadeesh,"Santosh, Tanushika",
2009,Taxi No-1,Drama,Prabhakar,"Prabhakar, Nikitha Rao",
2009,Circus,"Romantic
 Action",Dayal Padmanabhan,"Ganesh, Archana Gupta",
2009,Shivamani,Action,Amarnath SK,"Sri Murali, Sharmila Mandre",
2009,Jolly Days,Romantic,M. D. Sridhar,"Pradeep, Praveen, Vishwas, Spoorthi, Ruthuva, Raghavendra, Aishwarya Nag, Keerthi, Kishori Ballal, Niranjan, Rahul",
2009,Nanda,Action,Anantharaju,"Shivrajkumar, Sandhya, Mythreya",
2009,Ambari,Romantic,A. P. Arjun,"Yogish, Supreeta",
2009,Meghave Meghave,,V. Nagendra Prasad,"Raam, Gracy Singh, Sudeep",
2009,Birugaali,Action,Harsha,"Chetan Kumar, Sitara Vaidya, Aakanksha Sontalia, Charisma Bharadwaj, Tara",
2009,Yodha,Action,Om Prakash Rao,"Darshan, Nikita Thukral",
2009,Idya Madyar Nagalikke,Comedy,Yashwant Sardeshpande,"Yashwant Sardeshpande, Malathi Sardeshpande, Sunetra Pandit, Poornachandra Tejaswi, Navyashree",
2009,Junglee,Action,Duniya Soori,"Duniya Vijay, Aindrita Ray, Rangayana Raghu",
2009,Kurunadu,Drama,G. Murthy,"Dattanna, Lakshmi Hegde",
2009,KA-99 B-333,Action,G. Arunkumar,"Ajay Rathnam, Deepa Chari",
2009,Samskaravantha,Drama,K. Parthasarathi,"Kashi, Ninasam Ashwat",
2009,Swathanthra Palya,Action,Huccha Venkat,"Arjun, Damini, Huccha Venkat, Deepa, C. R. Simha",
2009,Venkata in Sankata,Comedy,Ramesh Arvind,"Ramesh Arvind, Sharmiela Mandre, Umashree",
2009,Ee Sambhasane,Romantic,M. Rajashekar,"Sandesh, Haripriya",
2009,Kariyaa(re-released),Action,Prem,"Darshan, Abhinaya Shree",
2009,Thabbali,Drama,N. Loki,"Aakash, Meghashri, Charulatha",
2009,Nam Yajamanru,Family Drama,T. S. Nagabharana,"Vishnuvardhan, Vijay Raghavendra, Navya Nair, Lakshmi Gopalaswamy",
2009,Rajakumari,Romance,S. Govindaraj,"V. Ravichandran, Balaji, Kanika, Nikita Thukral",
2009,Ninnalle Nanna Hrudaya,Romance,Chandrashekar Reddy,"Manoj, Chintana Krishna",
2009,Shankara Punyakoti,Drama,G. Murthy,"Sharath Babu, Vinaya Prakash",
2009,Anjadiru,Drama,R. Janardhan,"Prashant, Shubha Poonja",
2009,Baaji,,S. Shidlaghatta Srinivas,"Alok Kashinath, Rani",
2009,Veera Madakari,Action,Sudeep,"Sudeep, Ragini Dwivedi",
2009,Ram Balaram,Drama,U. B. Ramamurthy,Adhi Lokesh,
2009,Kannadadha Kiran Bedi,Action,Om Prakash Rao,"Malashri, Sayaji Shinde, Ashish Vidyarthi",
2009,Ghauttham,Romantic drama,K. Rajeev Prasad,"Prem Kumar, Sara Alambara, Kausalya, Sudharani, Kokila Mohan, Vinaya Prasad",
2009,Jaaji Mallige,Romance,Anantha Raju,"Ajay Rao, Gowri Munjal, Komal Kumar",
2009,Hrudayagala Vishaya,Romance,Vasanth,"Prashanth Kumar, Madhupriya",
2009,Josh,Romance,Shivamani,"Rakesh Adiga, Alok, Sneha, Chetana, Poorna, Nithya Menen",
2009,Nishedhagne,Action,Padmanabha,"Adi Lokesh, Priyanka",
2009,Savaari,Drama,Jacob Verghese,"Srinagar Kitty, Raghu Mukherjee, Kamalinee Mukherjee, Suman Ranganathan",
2009,Uda,Action,Shashank Raj,"Yuvaraj, Sanchita Padukone",
2009,Yagna,Action,Krishna Brahma,"Sri Murali, Priyanka",
2009,Auto,Action,Mallikarjuna Muttalageri,"Sathya, Roshani, Kruthika",
2009,Chellidaru Sampigeya,Romance,S. Narayan,"Prashanth, Biyanka Desai, Vishal Hegde, Shruthi",
2009,Eshtu Nagthi Nagu,Comedy,Chindodi Madhukesha,"Mohan, Roshani",
2009,Machchaa,Action,Dhananjaya Kundapura Datthu,"Jeevan, Saritha Jain",
2009,Minchu,Drama,Vishal Raj,"Siddhanth, Archana",
2009,Hatrick Hodi Maga,Action,P. N. Satya,"Shivarajkumar, Nicolette Bird, Manju Bhargavi",
2009,Seena,Romance,Basavaraja Bellary,"Tarun Chandra, Priyanka Chandra, Antara Reddy",
2009,Dubai Babu,Comedy,Naganna,"Upendra, Nikita Thukral, Saloni Aswani, Kumar Govind",
2009,Thaakath,Action,M. S. Ramesh,"Duniya Vijay, Shubha Poonja",
2009,Jodi No. 1,Drama,Abhijeeth,"Abhijeeth, Ram Kumar, Amrutha, Sangeetha Shetty",
2009,Abhimaani,Romance,Praveen,"Rahul, Nidhi Subbaiah",
2009,Kalaakaar,Romance,Harish Raj,"Suman Ranganathan, Harish Raj, Radhika Gandhi",
2009,Nannedeya Haadu,Romance,Guruvendra,"Anand, Ramya Barna",
2009,Yuvah,Action,Narendra Babu,"Kartik Shetty, Madhu Sharma",
2009,Kaaranji,Drama,Sridhar,"Vijay Raghavendra, Gauri Karnik",
2009,Olave Jeevana Lekkachaara,Comedy drama,Nagathihalli Chandrashekhar,"Radhika Pandit, Srinagar Kitty",
2009,Black,Action,Mahendra,"Kishore, Manasi",
2009,Chaitanya,Drama,D. K. Shivraj,"Master Sachin, Baby Nikshita",
2009,Bande Barthale,Romance,Devadas,"Surya, Supreetha",
2009,Preethse Preethse,Romance,K Madesh,"Yogesh, Udhayathara",
2009,Eddelu Manjunatha,Comedy,Guruprasad,"Jaggesh, Yagna Shetty",
2009,Chamkayisi Chindi Udayisi,Comedy,AR Babu,"Komal Kumar, Nidhi Subbaiah, Umashree,",Comedy drama
2009,Kabbaddi,Sports,Narendra Babu,"Praveen, Priyanka",Drama
2009,Kencha,Romance,PN Satya,"Prajwal Devaraj, Pragna Shetty",Romance
2009,Love Guru,Romance,Shashank,"Tarun Chandra, Radhika Pandit, Dilip Raj",Action
2009,Mr. Painter,Romance,Dinesh Babu,"Yogesh, Ramanithu Chaudhary, Rangayana Raghu",Action
2009,House Full,Comedy,Hemanth Hegde,"Diganth, Hemanth Hegde, Girija Oak, Vishaka Singh",Comedy
2009,Muniya,Action,T Nagachandra,"Mayur Patel, Sahitya",Action
2009,Male Barali Manju Irali,Romance,Vijayalakshmi Singh,"Srinagar Kitty, Parvathi Menon Umashree, Naga Kiran",Romance
2009,Venki,Romance,S Madhav,"Prashanth, Rashmi",Action
2009,Cheluvina Chilipili,Romance,S. Narayan,"Pankaj Narayan, Roopika, Ananth Nag, Sumalatha",Comedy
2009,Raaj the Showman,"Romance, Action",Prem,"Puneeth Rajkumar, Priyanka Kothari",Drama
2009,Iniya,Romance,Mahesh,"Balaji, Pooja Gandhi",Romance
2009,Rajani,Drama,Thriller Manju,"Upendra, Aarthi Chhabria",Drama
2009,Manasaare,Romance,Yogaraj Bhat,"Diganth, Aindrita Ray",Action
2009,Vayuputra,Action,Kishore Sarja,"Chiranjeevi Sarja, Aindrita Ray, Ambarish",Romance
2009,Hushaar,Thriller,Adarsh,"Adarsh, Mallika Kapoor",Comedy
2009,Bhagyada Balegara,Drama,Om Sai Prakash,"Shivarajkumar, Navya Nair",Romance
2009,Prem Kahani,Romance,R. Chandru,"Ajay Rao, Sheela",Romance
2009,Bettapurada Ditta Makkalu,Drama,Kodlu Ramakrishna,"Srinivasa Murthy, Master Shashank",Romance
2009,Dhanush,Romance,Jayanth,"Prashanth, Ramanithu Chaudhary",Comedy
2009,Abhay,Action,Mahesh Babu,"Darshan, Aarthi Thakur, Pradeep Rawat",Action
2009,Jaala,Romance,Naghanath M Joshi,"Chetan Gowda, Deepu, Padmini",Action
2009,Salute,Action,B. C. Patil,"B. C. Patil, Ashwini",Drama
2009,Bellary Naga,Drama,Dinesh Babu,"Vishnuvardhan, Manasi, Rajesh, Avinash",Romance
2009,Huchhi,Drama,Venkatesh Panchangam,"Pooja Gandhi, Thilak",Action
2009,Gilli,Romance,Raghava Loki,"Gururaj Jaggesh, Rakul Preet Singh",Action
2009,Ninagagi Kaadiruve,Romance,Jolly Bastin,"Vishal Hegde, Pooja Gandhi",Romance
2009,Mad Love,Romance,Teja G,"Ramu, Raveena",Action
2009,Yaaradu ?,Thriller,Srinivas Kaushik,"Vinod Raj, Ashwini",Romance
2009,Ajantha,Drama,Raajpa Ravishankar,"Ramana, Vandana Gupte, Venkatesh, Honey Rose",Horror
2009,Artha,Drama,B Suresh,"Raghunath, Kiran Barkoor",Comedy
2009,Banada Neralu,Drama,Umashanker Swamy,"B Jayashree, Harish Raj",Romance
2009,Daatu,Drama,K Shivarudraiah,"Roopa Iyer, Dattanna",Comedy
2009,Gubbachchigalu,Drama,Abhaya Simha,"Abhilash, Prakruthi",Comedy
2009,Yogi,Action,Udaya Prakash,"Yogish, Biyanka Desai",Romance
2009,10th Class A Sec,Drama,Dil Satya,"Naveen, Priyanka",Romance
2009,Ivnu Thumbaane Orata,,Jyotish,,Action
2009,Mooru Guttu Ondu Sullu Ondu Nija,Comedy,Dinesh Babu,"Ramesh Arvind, Komal Kumar, Nancy, Sharan",Action
2009,Parichaya,Romance,K Sanjay,"Tarun Chandra, Rekha Vedavyas, Sindhu Lokanath",Romance
2009,Devaru Kotta Thangi,Family Drama,Om Sai Prakash,"Shivarajkumar, Meera Jasmine, Monica",Romance
2009,IPC Section 300,Crime,Shashikanth,"Vijay Raghavendra, Priyanka Chandra",Action
2009,Devru,Action,Sadhu Kokila,"Duniya Vijay, Pragna Shetty",Action
2009,Gokula,Romance,Prakash,"Vijay Raghavendra, Yash, Pooja Gandhi, Nakshatra",Romance
2009,Jeeva,Romance,Prabhu Srinivas,"Prajwal Devraj, Ruthuva",Drama
2009,Kazaar (Konkani),Drama,Richard Castelino,"Larry Fernandes, Harshika Poonacha",Thriller
2009,Malebille,Romance,Mahesh Sukhadhare,"Diganth, Akshay, Pragna",Action
2009,Nirudyogi,Drama,Nag Hunasod,"Chandrakanth, Pushpalatha",Romance
2009,Raavana,Drama,Yogish Hunsur,"Yogish, Sanchita Padukone",Romance
2009,Maleyali Jotheyali,Romance,Preetham Gubbi,"Ganesh, Anjana Sukhani, Sudharani",Action
2009,Kallara Santhe,Political drama,D. Sumana Kittur,"Yash, Haripriya",Romance
2009,Raam,Romance,K Madesh,"Puneeth Rajkumar, Priyamani",Romance
2009,Shishira,Drama,Manju Swaraj,"Yashas, Meghana, Prema",Comedy
2009,Putaani Party,Drama,P N Ramchandra,"Ranjita Jadhav, Sharad Anchatgiri",Action drama
2008,Gaja,,Madhesh,"Darshan, Navya Nair",
2008,Gaalipata,,Yograj Bhat,"Ganesh, Daisy Bopanna, Rajesh Krishnan, Bhavana Rao, Diganth, Neethu, Ananth Nag",
2008,Honganasu,,Ratnaja,"Prem Kumar, Anuradha Mehta, Anjali, Ananth Nag",
2008,Singapuradali Shambulinga,,B.R.Keshav,"Chidananda, Jahangir",
2008,Beladingalagi Baa,,M.S.Ramesh,"Vijay Raghavendra, Ramaneethu Chaudari, Rangayana Raghu",
2008,Navashakti Vaibava,,Om Sai Prakash,"Shruthi, Radhika, Ramkumar",
2008,Hani Hani,,Sharan,"Tarun Chandra, Sanjana Gandhi",
2008,Avva,,Kavita Lankesh,"Shruthi, Duniya Vijay, Smitha",
2008,Bindaas,,D. Rajendra Babu,"Puneeth Rajkumar, Hansika Motwani",
2008,Yuga Yugagale Sagali,,Shashank Raj,"Yashas, Megha Ghosh, Alisha, Ananth Nag",
2008,Hogi Baa Magale,,U.H.Rajanna,"Athin, Deepa Chari",
2008,Inthi Ninna Preethiya,,Soori,"Srinagar Kitty, Sonu, Bhavana",
2008,Shivani,,Vishal Raj,"Suraj, Shivani",
2008,Marujanma,,A.R.Babu,"Naga Kiran, Priyanka, Dimple",
2008,Manasugala Maathu Madhura,,Manju Maskal Matti,"Anand, Haripriya",
2008,Varasdhaara,,Guru Deshpande,"Sandeep, Ashwini, Sanjjanaa, Ravi Belagere",
2008,Nanda Loves Nanditha,,B.N. Vijayakumar,"Yogesh, Shwetha",
2008,Gooli,,P. N. Satya,"Sudeep, Mamta Mohandas",
2008,Ondu Koleya Sutha,,Om Prakash Nayak,Om Prakash Nayak,
2008,Satya In Love,,Raghava Loki,"Shivrajkumar, Genelia, Komal Kumar",
2008,Accident,,Ramesh Aravind,"Ramesh Aravind, Pooja Gandhi, Mohan Shankar, Rekha, Thilak, Pathi Iyer",
2008,Happy New Year 00:45PM,,Gunakumar Patnayak,"Vikram, Harshitha, Chandru, Kamal",
2008,Chili Pili Hakigalu,,Kodlu Ramakrishna,"Girish Karnad, Diganth",
2008,Mr.Garagasa,,Dinesh Baboo,"Komal Kumar, Ananth Nag",
2008,Malenada Mallige,,Hanchhilli Shivkumar,"Nitin, Daksha",
2008,Moggina Jade,,P R Ramadas Naidu,"Baby Shreesha, Master Anirudh, Pavitra Lokesh, Rajesh",
2008,Satya Harischandra (color),,Hunsur Krishnamurthy,"Rajkumar, Udaykumar, Pandari Bai",
2008,Aramane,,Nagashekhar,"Ganesh, Roma, Ananth Nag",
2008,Gange Baare Tunge Baare,,Sadhu Kokila,"Prajwal Devaraj, Gayathri, Sunaina, Sadhu Kokila",
2008,Jnanajyothi Sri Siddaganga,,Omkar,"Sridhar, Srinivasa Murthy, Tara",
2008,Thaayi,,Baraguru Ramachandrappa,"Pramila Joshi, Sunder Raj",
2008,Baba,,Trishul,"Karthick, Pragnya",
2008,Super Jodi,,B. Sathyanarayana,"Ananth Nag, Chidananda, Jahangir, Dharma",
2008,Mussanje Maathu,,Mahesh,"Sudeep, Ramya, Anu Prabhakar",
2008,Chellatada Hudugaru,,"Jyotish, Ram Chandra","Sandeep, Jyothi",
2008,Prachanda Ravana,,Srinivas Prasad,"Devaraj, Bharat Bhagavathar, Sudharani",
2008,Sundari Ganda Sadananda,,V Umakanth,"Sharan, Apoorva, Sanjana Rao, Kashi",
2008,Athmeeya,,Govindaraj,"Akul Balaji, Smitha",
2008,Indra (2008 film),,H Vasu,"Darshan, Namitha, Sanghavi",
2008,Bandhu Balaga,,Naganna,"Shivrajkumar, Shashikumar, Tejaswini Prakash, Poonam Kaur",
2008,Neene Neene,,Shivadwaj,"Dhyan, Aishwarya Nag",
2008,Darode,,Uday Jadugar,"Vinod Kamat, Aishwarya Nag",
2008,Chenna,,S Umesh,Deepak,
2008,Akasha Gange,,Dinesh Baboo,"Mithun Tejaswi, Chaya Singh",
2008,Huttidare Kannada Nadali Huttabeku,,Mahadev,"Ajay, Ramkrishna, Bhavya",
2008,Kaamannana Makkalu,,Chi Guru Dutt,"Sudeep, Pooja Gandhi, Doddanna, Rockline Venkatesh",
2008,Vasantha Kaala,,V Srinivas,"Haripriya, Naga Kiran",
2008,Nee Tata Naa Birla,,Nagendra Magadi,"V. Ravichandran, Jaggesh, Jennifer Kotwal, Pooja Gandhi, Keerthi Chawla, Urvashi, Nikita Thukral",
2008,Meravanige,,Mahesh Babu,"Prajwal Devraj, Aindrita Ray",
2008,Minchina Ota,,A. M. R. Ramesh,"Vijay Raghavendra, Sri Murali, Lakshmi Rai, Umashree",
2008,Citizen,,Saiprakash,"Saikumar, Ashish Vidyarthi",
2008,Apaharana,,B R Keshava,"Meghana, Dharma, Thriller Manju",
2008,Moggina Manasu,,Shashank Raj,"Shubha Poonja, Radhika Pandit, Yash, Sangeetha Shetty, Manasi",
2008,Zindagi,,Mugil,"Rajeev, Kishore, Priyanka",
2008,Taj Mahal,,R. Chandru,"Ajay Rao, Pooja Gandhi, Ananth Nag",
2008,Hrudaya I Miss U,,Sathya,"Maithreyi, Shivani, Shreyas",
2008,Nandadeepa,,Shivu Hiremata,"Shruthi, Devaraj",
2008,Namma Preethi Shashwatha,,Kitti,Sathya,
2008,Belura Baale,,Halkere Naganna,"Rajeshkumar, Kalpanasri",
2008,Bombaat,,D. Rajendra Babu,"Ganesh, Ramya",
2008,Arjun,,Shahuraj Shinde,"Darshan, Meera Chopra",
2008,Anthu Inthu Preethi Banthu,,Veera Shankar,"Aditya Babu, Ramya",
2008,Kalleshi Malleshi,,Mastan,"Chidananda (3 roles), Meghana, Dharma",
2008,Kodagana Koli Nungitha,,Vaasu,"Jaggesh, Pooja Gandhi",
2008,Madesha,,Ravi Srivatsa,"Shivrajkumar, Sonam Bhatia, Ravi Belagere",
2008,Chaitrada Chandrama,,S. Narayan,"Pankaj, Amoolya",
2008,Ganesha Matte Banda,,HS Phani Ramachandra,"Vijay Raghavendra, Pragnya, Vishal, Neethu, Ananth Nag, Vinaya Prasad",
2008,Gulabi Talkies,,Girish Kasaravalli,"Umashree, M. D. Pallavi Arun",
2008,Dheemaku,,Magesh Kumar G,"Naveen Krishna, Flora Saini",
2008,Patre Loves Padma,,Chandrashekar Srivatsav,"patre Ajith, Kruthika, Deepika, Pavitra, Supritha",
2008,Buddhivanta,,Ramnath Rigvedhi,"Upendra, Pooja Gandhi, Nathanya, Saloni Aswani, Suman Ranganathan, Brinda",
2008,Vamshi,,Prakash,"Puneeth Rajkumar, Nikita Thukral, Lakshmi",
2008,PUC,,SR Brothers,"Chetan Chandra, Harshika Poonacha, Charishma",
2008,Chikkamagaloora Chikkamallige,,Channagangappa E,"Shravanth, Jagadish, Radhika Gandhi",
2008,Baa Bega Chandamama,,HG Murali,"Deepak, Suhasini",
2008,Manmatharu,,NA,Chidananda,
2008,Mandakini,,Ramesh Surve,"Rashmi, Chetan",
2008,Payana,,Kiran Govi,"Ravishankar, Ramanithu Chaudhary",
2008,Premigaagi Naa,,Snehapriya,"Shankar, Vandhana",
2008,Sangaathi,,Nandini Srinivasa Raju,"Chethan, Aishwarya",
2008,Heegu Unte,,Madan Patel,"Madan Patel, Susheelkumar, Divya Sridhar, Madhu",
2008,Sangama,,Sanjay V Babu,"Ganesh, Vedhika",
2008,Psycho,,Devadutta,"Dhanush, Anita",
2008,Nannusire,,Santosh-Velupriyan,"Rahul, Keerthi",
2008,Navagraha,,Dinakar Toogudeepa,"Darshan, Tarun Chandra, Varsha, Sharmila Mandre, Vinod Prabhakar, Srujan Lokesh, Nagendra Urs, Dharma, Giri Dinesh",
2008,Slum Bala,,D Sumana Kittur,"Duniya Vijay, Shuba Poonja, Umashree",
2008,Naanu Gandhi,,Nanjunde Gowda,"Master Likith, Sundar Raj, Prameela Joshai",
2008,Maharshi,,Krishna Brahma,"Prashanth, Pooja Gandhi",
2008,Bidda,,D Vishwa,"Adhi Lokesh, Yamini Sharma, Vanitha, Jai Jagadish, Umashree",
2008,Ganga Kaveri,,Vishnukant,"Akshay, Mallika Kapoor, Mahi, Tara",
2008,Akka Thangi,,S. Mahendar,"Shruthi, Rashmi",
2008,Janumada Gelathi,,Dinesh Baboo,"Srinagar Kitty, Pooja Gandhi",
2008,Paramesha Panwala,,Mahesh Babu,"Shivrajkumar, Surveen Chawla, Sonu",
2008,Pallavi Illada Charana,,Shivaprabhu,"Naga Kiran, Charulatha",
2008,Sanchu,,M D Kaushik,"Charanraj, Veda Prada",
2008,Mast Maja Maadi,,Anantha Raju,"Sudeep, Jennifer Kotwal, Vijay Raghavendra, Komal Kumar, Diganth, Naga Kiran, Umashree",
2008,Murane Class Manja B.Com Bhagya,,Sai Sagar,"Arya, Archana, Ananth Nag",
2008,Neenyare,,Sindesh,"Suraj, Ramya Barna",
2008,Rocky,,SK Nagendra Urs,"Yash, Bianca Desai, Santhosh, Jai Jagadish",
2008,Haage Summane,,Preetam Gubbi,"Kiran Srinivas, Suhaasi",
2007,Sixer,,Shashank,"Prajwal Devaraj, Devaki",
2007,Hosavarsha,,Vijay Roshan,"Naveen Mayur, Arathi Puri, Shobhraj, Shikka, Devan",
2007,Ee Rajeev Gandhi Alla,,Ravi Srivatsa,"Vijay Raghavendra, Rakshitha",
2007,Thayiya Madilu,,S. Narayan,"Shivarajkumar, Rakshita",
2007,Naayi Neralu,,Girish Kasaravalli,"Pavithra Lokesh, Ananya Kasaravalli",
2007,Sneha Parva,,G K Mudduraj,"Paartha, Sowmya, Chetan, Doddanna, Master Anand",
2007,Arasu,,Mahesh Babu,"Puneet Rajkumar, Ramya, Meera Jasmine",
2007,Poojari,,Sharan Kumar Kabbur,"Adhi Lokesh, Neethu",
2007,Vidyarthi,,T Nagachandra,"P Tarun Sudhir, Avinash, Tara",
2007,Thangiya Mane,,M S Srinivasa,"Vijay, Rashmi, Dharma",
2007,Police Story 2,,Thriller Manju,"Saikumar, Rockline Venkatesh, Shobharaj",
2007,Bhoopathi,,S Govindu,"Darshan, Sherin",
2007,SMS 6260,,Sundeep Malani,"Diganth, Jaanu",
2007,Duniya,,Soori,"Duniya Vijay, Rashmi, Rangayana Raghu",
2007,Sajni,,Murugesh,"Dhyan, Sharmila Mandre, Ananth Nag",
2007,Parodi,,Sai Prakash,"Upendra, Neha, Umashree",
2007,VIP 5,,"B S Rajashekar, B S Yashodhara","Vinod Prabhakar, Mohan",
2007,Sri Dhanamma Devi,,Chindodi Bangaresh,"Shivadwaj, Anu Prabhakar",
2007,Ekadantha,,Sachin,"Vishnuvardhan, Ramesh Aravind, Gurukiran, Prema, Umashree",
2007,Ondhu Preethiya Kathe,,Rajashekar Rao K,"Yagna Shetty, Shankar Aryan, Narayana Swamy",
2007,Rakshaka,,Mandya Nagaraj,Saikumar,
2007,Shri Kshetra Kaivara Thathaiah,,Pallaki,"Saikumar, Tara",
2007,Thimma,,Sai Sagar,"Arjun, Saroja Devi, Prashanti Naik",
2007,E Preethi Onthara,,Tenemane Subramanyam,"Sachin Suverna, Maanya, Mithun Tejasvi",
2007,Lancha Samrajya,,Boodal Krishnamurthy,"Master Hirannaiah, C. R. Simha, Umashree, Ramesh Bhat",
2007,Banamathi,,Jayasimha Musuri,Devaraj,
2007,Soundarya,,E Chennagangappa,"Ramesh Aravind, Rahul Dev, Sakshi Shivanand, Baby Shreya",
2007,Bhaktha,,Sri Ram,"Agnni, Sindhu",
2007,Dadagiri,,Joe Simon,"Sri Krishna, Avinash, Shobharaj, B. C. Patil",
2007,Janapada,,Baraguru Ramachandrappa,"Raghava, Radhika, Nandini",
2007,Bhugatha,,B R Keshav,"Vivek Bidu, Nagendra Urs, Daksha, Kangana, Harish Rai",
2007,Masti,,Shivamani,"Upendra, Jennifer Kotwal, Shashikumar, Umashree",
2007,Pallakki,,Narendra Babu K,"Prem, Gurukiran, Ramanithu Chaudhary",
2007,Masanada Makkalu,,C Lakshmana,"Dattanna, Ohilesh",
2007,Govinda Gopaala,,C H Balaji Singh,"Jaggesh, Komal Kumar, Neethu",
2007,Dushman,,B.S. Bagalkote,Shobharaj,
2007,Amruthavani,,B R Rajashekar,"Ajay Rao, Naveen Krishna, Radhika",
2007,Santha,,S. Murali Mohan,"Shivarajkumar, Aarti Chhabria",
2007,Kshana Kshana,,Sunil Kumar Desai,"Vishnuvardhan, Auditya, Prema, Kiran Rathod",
2007,Hudugaata,,Sanjay K,"Ganesh, Rekha",
2007,"No 73, Shanthi Nivasa",,Sudeep,"Sudeep, Deepu, Anu Prabhakar",
2007,Jambada Hudugi,,Priya Hassan,"Jai Akash, Priya Hassan",
2007,Cheluvina Chittara,,S. Narayan,"Ganesh, Amoolya, Komal Kumar",
2007,Sathyavan Savithri,,Ramesh Aravind,"Ramesh Aravind, Jennifer Kotwal, Daisy Bopanna, Aniruddh",
2007,Kaada Beladingalu,,B. S. Lingadevaru,"C.H. Lokanath, H. G. Dattatreya, Ananya Kasaravalli",
2007,Bombugalu Saar Bombugalu,,B Shankar,"Adarsh, Sunayana, B. C. Patil, Shobharaj",
2007,Ugadi,,Om Sai Prakash,"V. Ravichandran, Jennifer Kotwal, Kamna Jethmalani, Srikanth",
2007,Thamashegagi,,Kodlu Ramakrishna,"Aniruddh, Rekha, Komal Kumar",
2007,Snehana Preethina,,Sahuji Shinde,"Darshan, Auditya, Lakshmi Rai, Sindhu Tolani",
2007,Meera Madhava Raghava,,T. N. Seetharam,"Diganth, Ramya, Thilak, Harini",
2007,Manmatha,,N Rajesh Fernandis,"Jaggesh, Komal Kumar, Gurleen Chopra",
2007,Savi Savi Nenapu,,Santosh Rai Pathaje,"Prem Kumar, Mallika Kapoor, Tejaswini Prakash",
2007,Maathaad Maathaadu Mallige,,Nagathihalli Chandrashekar,"Vishnuvardhan, Suhasini, Sudeep, Tara",
2007,Gandana Mane,,S Mahender,"Shivarajkumar, Gowri Munjal",
2007,Ninade Nenapu,,Madhan Patel,"Mayur Patel, Maya",
2007,Nali Naliyutha,,Jayanth,"Aniruddh, Vidisha, Ananth Nag",
2007,Jeevana Dhaare,,Muraju Boodhigere,Siddarth,
2007,Milana,,Prakash,"Puneeth Rajkumar, Parvathi Menon, Pooja Gandhi",
2007,Prarambha,,Santosh Sivan,"Prabhu Deva, Skandha, B. Saroja Devi",
2007,Anatharu,,Sadhu Kokila,"Upendra, Darshan, Radhika, Sanghavi",
2007,Road Romeo,,Sai Prakash,"Dilip Pai, Ashita, Avinash",
2007,Agrahaara,,Akshaya,"Arya, Neetashri, Kishore",
2007,Krishna,,M. D. Sridhar,"Ganesh, Pooja Gandhi, Sharmila Mandre",
2007,Dheemantha Manushya,,Tarani,Gopal Shetty Koragal,
2007,Circle Rowdy,,B. Ramamurthy,"Vinod Prabhakar, Varini, Umashree",
2007,Shukra,,G K Mudduraj,Vinod Raj,
2007,Geleya,,Harsha,"Prajwal Devaraj, Tarun Chandra, Kirat Bhattal",
2007,Aa Dinagalu,,K. M. Chaitanya,"Chetan Kumar, Archana, Sharath Lohitashwa",
2007,Yuga,,Chandra,"Duniya Vijay, Kavya",
2007,Snehanjali,,"Girish Kamplapur, R G Siddaramu",Dhruva,
2007,Ganesha,,Dinesh Baboo,"Jaggesh, Ananth Nag, Vanitha Vasu, Vanishree",
2007,Chanda,,S. Narayan,"Duniya Vijay, Shubha Poonja",
2007,Orata I Love You,,Shree,"Prashanth, Sowmya",
2007,Hetthare Hennane Herabeku,,Om Sai Prakash,"S. P. Balasubrahmanyam, Lakshmi, Umashree, Rekha",
2007,Gunavantha,,Raghuvardhana,"Prem, Rekha",
2007,Right Adare,,Sharavana,"Mohan, Sunil, Satya, Bhavya, Sangeetha Shetty, Preethi, Priyanka",
2007,Operation Ankusha,,H. Vasudev Rao,"Jayanthi, Ashok Rao, Chethan",
2007,Lava Kusha,,Sai Prakash,"Shivarajkumar, Upendra, Jennifer Kotwal, Charmy Kaur",
2007,Appacchi,,Kashinath,Kashinath,
2007,Nanu Neenu Jodi,,N.R. Nanjunde Gowda,"Vijay Raghavendra, Madhumitha",
2007,Ee Bandhana,,Vijayalakshmi Singh,"Vishnuvardhan, Darshan, Jayapradha, Jennifer Kotwal, Ananth Nag, Tara",
2007,Ee Preethi Yeke Bhoomi Melide,,Prem,"Prem, Namratha, Rohini, Mallika Sherawat",
2006,Mandya,Action,Om Prakash Rao,"Darshan, Rakshita, Radhika Kumaraswamy, Avinash",
2006,O Priyathama,Romance,Shivaprabhu,"Ajay Rao, Sanchana, Geetha, Sharat Babu, Sudharani",
2006,Shree,Action / Drama,Prakash,"Vijay Raghavendra, Jennifer Kotwal, Rahul Roy, Ananth Nag, Vinaya Prasad, Avinash",
2006,Veeru,Drama,S. Narayan,"Pankaj, Umashree, Prakash Heggodu",
2006,Mithayi Mane,Drama,Aarathi,"Aditi, Surabhi J. Herur, Hanumantha Raju",
2006,Uppi Dada M.B.B.S.,Romance / Comedy / Drama,D. Rajendra Babu,"Upendra, Uma, Ananth Nag, Chi. Gurudutt, Naveen Mayur, Rohini Hattangadi",
2006,Eesha,Drama,K A Rahman Mustafa,"Dheeraj, Neethu, Tara, Chitra Shenoy",
2006,Bharathi,Drama,R M Veerabhadraiah,"Sadhana, Damini",
2006,Mata,Satirical Comedy,Guruprasad,"Jaggesh, Pari, Doddanna, Sudarshan, Tabla Nani, V. Biradar, Mandya Ramesh",
2006,Seven O' Clock,Romance,Santosh Rai Pathaje,"Mithun Tejaswi, Pooja Kanwal, Sneha, Nithya, Komal Kumar, Sharan",
2006,My Autograph,Drama,Sudeep,"Sudeep, Meena, Srinivasa Murthy, Sridevika, Deepu, Rashmi Kulkarni",
2006,Suntaragaali,Action,Sadhu Kokila,"Darshan, Rakshita, Ashish Vidyarthi, Manya, Rangayana Raghu, Umashree",
2006,Ramya Chaitra Kala,Drama,Sunil Kumar Desai,"Sandeep, Manasi Parashar, Nanditha, Rahul Inapur",
2006,Gopi,Drama / Romance,G K Mudduraj,"Sri Murali, Gowri Munjal, Doddanna, Tennis Krishna",
2006,Shishya,Action,Vasu,"Deepak, Chaitra, Rangayana Raghu",
2006,Hettavara Kanasu,Drama,Om Sai Prakash,"Mayoor Patel, Radhika Kumaraswamy, Sunder Raj, Pramila Joshai",
2006,Ashoka,Action,Shivamani,"Shivrajkumar, Sunitha Varma, Vinaya Prasad, Srinivasa Murthy",
2006,Nidhi,Action,Radhakrishna,"Arjun, Devaraj",
2006,Hatavadi,Drama,V. Ravichandran,"V. Ravichandran, Radhika Kumaraswamy, Doddanna, Avinash",
2006,Thandege Thakka Maga,Action / Drama,S. Mahendar,"Upendra, Ambarish, Laila Mehdin, Sakshi Shivanand",
2006,Shubham,Action,Ravi Garani,"Shivadwaj, Sanjitha, Loknath, Kishore",
2006,Sevanthi Sevanthi,Romance,S. Narayan,"Vijay Raghavendra, Ramya, Doddanna, Komal Kumar",
2006,Naaga,Action,Y Yesudoss,"Shivaram, Poonam",
2006,Chellata,Romance,M. D. Sridhar,"Ganesh, Rekha Vedavyas, Devaraj, Avinash, Umashree, Rangayana Raghu, Komal Kumar",
2006,Ambi,Action / Romance,V. Nagendra Prasad,"Auditya, Manya, Shobharaj, Kishore",
2006,Nanna Hendthi Kole,Thriller,B R Keshav,"Naveen Mayur, Rohini",
2006,Ajay,Action,Meher Ramesh,"Puneeth Rajkumar, Anuradha Mehta, Prakash Rai, Doddanna",
2006,Julie,Romance,Poornima Mohan,"Dino Morea, Ramya, Sihi Kahi Chandru, Chitra Shenoy",
2006,Belli Betta,Drama,Shivaraj Hoskere,"Sunil Raoh, Manya, Shivamani",
2006,Thutturi,Drama,P. Sheshadri,"Dattatreya, Dharma",
2006,Thavarina Siri,Drama,Om Sai Prakash,"Shivrajkumar, Daisy Bopanna, Ashitha, Ashwini, Mukhyamantri Chandru, Doddanna",
2006,Miss California,Drama,Kodlu Ramakrishna,"Diganth, Jhanavi, Soumya, Sharath Babu, Jayanthi, Bhavya",
2006,Dattha,Action,Chi Guru Dutt,"Darshan, Ramya, Keerthi Chawla, Vinaya Prasad, Srinath",
2006,Honeymoon Express,Comedy,Nagendra Magadi,"Jaggesh, S. Narayan, Deepu, Santhoshi",
2006,Good Luck,Romance,S. Nandakumar,"Aniruddh, Radhika Kumaraswamy, Naveen Krishna",
2006,Thirupathi,Action,Shivamani,"Sudeep, Pooja Kanwal, Charanraj, P N Satya",
2005,Nanage Neenu Ninage Naanu,Romance,Anitha Subramanya,Rakesh,
2005,Maharaja,Action,Om Sai Prakash,"Sudeep, Nikita Thukral, Ashok",
2005,Mahasadwi Mallamma,Drama,Renuka Sharma,"Saikumar, Meena",
2005,Rishi,Comedy / Drama,Prakash,"Shivarajkumar, Vijay Raghavendra, Radhika Kumaraswamy, Sindhu Tolani",
2005,Zabardast,Romance,Ram Bharath Devan,"Bhushan Kumar, Rashmi Kulkarni",
2005,Olave,Romance,P H Vishwanath,"Vishal Hegde, Sandhya",
2005,Surya The Great,Action,Rushi,"Ajay Rao, Shivani",
2005,Yeshwanth,Romance,Dayal Padmanabhan,"Sri Murali, Rakshita, Ramesh Bhat",
2005,Ayya,Action,Om Prakash Rao,"Darshan, Rakshita",
2005,Encounter Dayanayak,Action / Crime,D. Rajendra Babu,"Sachin, Spoorthi",
2005,Shadyantra,Drama,Rajesh Murthy,"Harish Raj, Namratha",
2005,Udees,Action,P N Satya,"Mayoor Patel, Sonali Joshi",
2005,Beru,Drama / Documentary,P. Sheshadri,"Suchendra Prasad, Neetha, H G Dattatreya, T. N. Seetharam",
2005,Aadi,Action,M S Ramesh,"Auditya, Ramya, Avinash",
2005,Shanti,Drama,Baraguru Ramachandrappa,Bhavana,
2005,Hendathiyobbalu Maneyolagiddare,Comedy,V Umakanth,"Krishne Gowda, Sharan, Namratha, Doddanna",
2005,Gadipaar,Action,S S David,"Charanraj, Vinod Alva",
2005,Moorkha,Comedy,A N Jayaramaiah,"Kashinath, Namratha, Bhavya, Bank Janardhan, Karibasavaiah",
2005,Inspector Jhansi,Action,H Vasu,"Prema, Anand",
2005,Ranachandi,Action,B R Keshav,"Prema, Naveen Mayur, Shobharaj",
2005,Rakshasa,Action,Sadhu Kokila,"Shivrajkumar, Gajala, Ruthika, Kishore, Avinash, Rangayana Raghu",
2005,Jootata,Comedy,N S Shankar,"Dhyan, Richa Pallod, Akash, Rangayana Raghu, Sanket Kashi",
2005,Kashi From Village,Action,Om Sai Prakash,"Sudeep, Rakshita, Harsha, Bank Janardhan, Sathya Prakash",
2005,Preethisu,Romance,Siddaraju,"Vishal Hegde, Ashwini",
2005,Navabharathi,Romance / Drama,K Ganesh,"Sourav, Usha Kiran",
2005,Varsha,Drama,S. Narayan,"Vishnuvardhan, Ramesh Aravind, Manya, Komal Kumar, Anu Prabhakar, Doddanna",
2005,Aakash,Action / Romance,Mahesh Babu,"Puneeth Rajkumar, Ramya, Avinash, Kishore",
2005,Karnana Sampathu,Action,Shantaram Kanagal,"Ambarish, Tara, Prakash Rai",
2005,Gunna,Action,Dwarki,"Mayoor Patel, Chaitra Hallikeri, Rangayana Raghu, Sudeep",
2005,Mr. Bakra,Comedy,Vasanth,"Jaggesh, Rohini, Srinivasa Murthy, Mukhyamantri Chandru",
2005,Aham Premasmi,Romance,V. Ravichandran,"V. Ravichandran, Balaji, Aarti Chabria",
2005,Gowramma,Drama,Naganna,"Upendra, Ramya, Ramesh Bhat, Srinivasa Murthy",
2005,Shastri,Action,P N Satya,"Darshan, Manya, Bullet Prakash",
2005,Nan Love Madthiya,Romance,Venkatswamy,"Dileep Raj, Deepa, Ananth Nag",
2005,Magic Ajji,Fantasy / Horror,Dinesh Babu,"Kushboo, Sudharani, Ramesh Bhat, Master Tejas",
2005,Yaake,Mystery,V Rajendra Kumar,"Raghav, Divya Gowda",
2005,Giri,Comedy,Ravicharan,"Srinagar Kitty, Preethi, Muni, Shobha",
2005,Ugra Narasimha,Action,Surya,"Mohan Shankar, Madhu Sharma, Sharath Lohitashwa",
2005,O Gulabiye,Romance,Narendra Babu,"Vivek Beedu, Mallika, Suhasini",
2005,Jackpot,Romance / Comedy,N M Niranjan,"Dhyan, Shubha Poonja, Harsha",
2004,Veera Kannadiga,Action / Romance,Meher Ramesh,"Puneeth Rajkumar, Anita Hassanandani, Avinash",1
2004,Kadamba,Drama,Suresh Krissna,"Vishnuvardhan, Bhanupriya, Ramesh Bhat, Naveen Krishna",1
2004,Bisi Bisi,Comedy,Ramanath Rugvedi,"Ramesh Aravind, Madhuri Bhattacharya, Anu Prabhakar, Sihi Kahi Chandru",1
2004,Super Aliya,Comedy,Rajendra Kumar Arya,"Kashinath, Madhuri, Panchami, Sudhir",1
2004,Abbabba Entha Huduga,Romance,Hemanth Hegde,"Arjun, Naaz, Seema Shetty, Avinash",1
2004,Rowdy Aliya,Comedy / Romance,Om Sai Prakash,"Shivrajkumar, Priyanka Trivedi, Jayamala, Chaya Singh, Doddanna",1
2004,Om Ganesh,Action,Thriller Manju,"Saikumar, Swapna, Ambika, Ashok",1
2004,Pandava,Action / Drama,Anand P Raj,"Vinod Raj, Charanraj, B. Jayashree",1
2004,Malla,Romance / Drama,V. Ravichandran,"V. Ravichandran, Priyanka Trivedi, Mohan Shankar, Umashree, Tejashree",1
2004,Baithare Baithare,Comedy,Gunakumar,"Anand, Sharan, Shyam, Urvashi Patel, Jyothi Krishna, Sangeeta Shetty, Dwarakish",1
2004,Dharma,Action,K V Chandranath,"Darshan, Sindhu Menon, Jai Jagadish",1
2004,Avale Nanna Gelathi,Romance,Om Sai Prakash,"Vijay Raghavendra, Rakshita, Devaraj",1
2004,Teenagers,Romance,B Shankar,"Nivas, Indranag",1
2004,Maha Sambhrama,Romance,M Ramamurthy,"Murali Krishna, Chaya Singh",1
2004,Ok Saar Ok,Romance,Dayal Padmanabhan,"Madan Patel, Anu Prabhakar",1
2004,Saagari,Romance / Drama,Victory Vasu,"Ramkumar, Bhavana, Bhavya, Sadhu Kokila",1
2004,Muni,Action,B R Keshava,"Dharma, Durga Shetty, Gazar Khan",1
2004,Y2K,Drama,N. Lokanath,"Nagendra Prasad, Mitisha Sharma, Sadhu Kokila, Mimicry Dayanand",1
2004,The City,Drama,J G Krishna,"Sai Kumar, Master Hirannaiah",1
2004,Poorvapara,Drama,Kudavalli Chandrashekar,"Srinath, Naveen Mayur, Lakshmi Gopalaswamy, Geetha",1
2004,Agodella Olledakke,Comedy,A R Babu,"Jaggesh, Abitha, Tara",1
2004,Darshan,Action,Ramesh Kitty,"Darshan, Navneeth, Chitra Shenoy",1
2004,Monda,Action,Teshi Venkatesh,"Sai Kumar, Prashanti, Pavitra Lokesh",1
2004,Preethi Nee Illade Naa Hegirali,Romance,Eshwar Balegundi,"C. P. Yogeshwar, Anu Prabhakar",1
2004,Friendship,Drama,B R Keshav,"Dharma, Shamitha",1
2004,Ranga SSLC,Comedy/ Romance / Drama,Yogaraj Bhat,"Sudeep, Ramya, Rangayana Raghu",1
2004,Bhagath,Action,Anand P Raju,"Thriller Manju, Swapna",1
2004,Kanasina Loka,Romance,G S Sarasa Kumar,"Vasu, Gopika",1
2004,Durgi,Action,P. Ravi Shankar,"Malashri, Ashish Vidyarthi, Avinash, Raghuvaran, Kalabhavan Mani",1
2004,Monalisa,Romance,Indrajit Lankesh,"Dhyan, Sadha, Bhavya, Ramakrishna, Darshan",1
2004,Hendthi Andre Hendthi,Family,Anand P Raju,"Shashikumar, Shruti",1
2004,Nija,Drama,K V Raju,"Jaggesh, Lahari",1
2004,Bimba,Drama,Kavita Lankesh,"Daisy Bopanna, Raksha",1
2004,Srirampura Police Station,Action,J G Krishna,"Sai Kumar, Durga Shetty",1
2004,Rama Krishna,Romance,Om Sai Prakash,"V. Ravichandran, Jaggesh, Laila Mehdin, Kaveri",1
2004,Mellusire Savigana,Romance,Ramesh Krishna,"Harish, Rashmi Kulkarni",1
2004,Samudra,Action,Kushal Babu,"Kushal Babu, Thriller Manju",1
2004,Pathi Patni Avalu,Comedy,Vijay Gujjar,"Adarsh, Amritha",1
2004,Baa Baaro Rasika,Romance,Dayal Padmanabhan,"Sunil Raoh, Ramya Krishnan, Ashitha",1
2004,Sakhi,Romance,S. Mahendar,"Praveen Kumar, Poonam",1
2004,Kanasu,Drama,Sushil Mokashi,"Sushil Mokashi, Sanjjanaa",1
2004,Devasura,Action,A. N. Jayaramaiah,"Devaraj, B. C. Patil",1
2004,Hudgeeru Saar Hudgeeru,Comedy,Lingaraj Kaggal,"Mohan Shankar, Sangeetha Shetty",1
2003,Kariya,,Prem,"Darshan, Abhinayasri",1
2003,Dumbee,,Adarsh,"Adarsh, Rashmi, Tennis Krishna",1
2003,Daali,,,"Charanraj, Arun Pandian",1
2003,Sri Kalikamba,,Rama Narayanan,"Ramya Krishnan, Anu Prabhakar, Vinod Alva, Jayanthi",1
2003,Don,,P. N. Satya,"Shivrajkumar, Meghana Naidu, Ashok, Jai Jagadish",1
2003,Laali Haadu,,H Vasu,"Darshan, Abhirami, Ruthika, Umashree",1
2003,Jaya,,,,
2003,Pakka Chukka,,S. Narayan,"Ramesh Aravind, S. Narayan, Ruchita Prasad",
2003,Heart Beats,,S K Nagendra Urs,"Vijay Raghavendra, Ashitha",
2003,Neenandre Ishta,,B. Mallesh,"Darshan, Malavika, Harish Raj, Akhila",
2003,Border,,Anand P. Raju,"Charanraj, Shobharaj, Vinod Alva, Sneha, Karibasavaiah",
2003,Sachhi,,Om Prakash Rao,Om Prakash Rao,
2003,Anand,,,"Naveen Mayur, Ruthika, Ananth Nag, Dwarakish, Vanita Vasu, Vinayak Joshi, Sharan",
2003,Mooru Manasu Nooru Kanasu,,B. Hanumanthu,"Prema, Harindranath, Ramesh Bhat, Bank Janardhan",
2003,Bangalore Bandh,,Tesi Venkatesh,"Sai Kumar, Ananth Nag, Rashika, Avinash, Doddanna",
2003,Adu,,,,
2003,Badri,,Raghuvardhan,"Yogeshwar, Kausalya, Swathi, Harish Rai",
2003,Nagabharana,,Bellary Janardhan,"Shobharaj, Srividya, Roopashree, Doddanna",
2003,Hay Naan Bhishma Kano,,Surya,"Devaraj, Prema, Tara, Pramod Chakravarthi",
2003,Gandhinagar,,,,
2003,Colors,,Ramesh P. C.,"Mandya Ramesh, Nivas, Janhavi, Bank Janardhan, Tennis Krishna",
2003,Wrong Number,,N. S. Shankar,"Harish Mattur, Bhavana",
2003,Raja Narasimha,,Muthyal Subbaiah,"Vishnuvardhan, Ramya Krishnan, Raasi, Abhijeeth, Avinash",
2003,Nimma Preethiya Huduga,,K. V. Jayaram,"Vinod Alva, Ashok, Vinaya Prasad, Sadhu Kokila",
2003,Nanna Hendti Maduve,,M. S. Rajashekar,"Sa. Ra. Govindu, Om Prakash Rao, Anu Prabhakar",
2003,Katthegalu Saar Katthegalu,,Rajendra Singh Babu,"S. Narayan, Ramesh Aravind, Mohan Shankar, Ruthika, Meghana Naidu",
2003,Hello,,,Bhavana,
2003,Yardo Duddu Yallammana Jathre,,A. R. Babu,"Jaggesh, Devaraj, Amrutha, Bank Janardhan",
2003,Devara Makkalu,,Srinivasa Murthy,"Nitil Krishna, Srinivasa Murthy, Doddanna, Mukhyamantri Chandru, Ramesh Pandit, Malavika Avinash, Lamboo Nagesh",
2003,Kiccha,,Arun Prasad,"Sudeep, Shwetha, Ajay Rao, Sujatha",
2003,Kutumba,,Naganna,"Upendra, Natanya Singh, Gurukiran, Sathyaraj",
2003,Paris Pranaya,,Nagathihalli Chandrashekar,"Raghu Mukherjee, Minal Patel, Rajesh",
2003,Singaaravva,,T. S. Nagabharana,"Shivadwaj, Prema, Avinash",
2003,Abhi,,Dinesh Babu,"Puneeth Rajkumar, Ramya",
2003,Nee Illade Naa Illa Kane,,,Anu Prabhakar,
2003,Kushalave Kshemave,,S. Mahendar,"Ramesh Aravind, Divya Unni, Darshan, Ramkumar",
2003,Preethisale Beku,,Yogesh,"Vijay Raghavendra, Chaya Singh",
2003,Taayi Illada Tabbali,,Om Sai Prakash,"Shivadhwaj, Radhika, Srinivasa Murthy, Avinash, Sadhu Kokila",
2003,Ramaswamy Krishnaswamy,,P. Annayya,"Mohan Shankar, Naveen Mayur, Sargam",
2003,Lankesh Patrike,,Indrajit Lankesh,"Darshan, Vasundhara Das, Ananth Nag, Aditi Govitrikar, Rangayana Raghu, Devaraj, Chitra Shenoy",
2003,Vijaya Shanti,,Nageshwara Rao,Vijayashanti,
2003,Black & White,,,Rajesh Ramanath,
2003,Tada Khaidi,,Shivaji Gorpade,"Devaraj, Thriller Manju, Padmini",
2003,Meese Chiguridaaga,,Praveen Naik,Tej,
2003,Fifty Fifty,,Surya,"Shyam Kumar, Pooja",Horror
2003,Shriram,,M. S. Ramesh,"Shivarajkumar, Abhirami, Ankitha, Jai Jagadish",Action
2003,Ooh La Laa,,Hemanth Hegde,"Krishna Mohan, Radhika, Sonia",Romance / Action
2003,Ananda Nilaya,,Krishna Das,"Shivadwaj, Prema",Action
2003,Panchali,,Dinesh Babu,"Aniruddh, Sunil Rao, Rambha, Vinayak Joshi",Drama
2003,Kalarava,,Thimmaraju,"Master Samarth, Baby Shravya, Yashwanth, Ramakrishna",Action
2003,2004,,Sarvabhowma,Mahesh Sukhadhare,Action
2002,123,,K. Subhash,"Prabhu Deva, Raju Sundaram, Jyothika, Nagendra Prasad",
2002,Aathma,,Sushil Mokashi,"Charan Raj, Kumar Govind, Sharan, Jhansi Subbayya, Varna",
2002,Annayya Thammayya,,S. Umesh,"Charan Raj, Shruti, Anu Prabhakar",
2002,Appu,,Puri Jagannadh,"Puneeth Rajkumar, Rakshita, Avinash, Ashok",
2002,Atithi,,P. Sheshadri,"Prakash Raj, H. G. Dattatreya, Lakshmi Chandrashekar",
2002,Bala Navika,,Shivaji Rao Watker,"Ramesh Bhat, Sneha, Bank Janardhan",
2002,Balagalittu Olage Baa,,Dinesh Babu,"S. Narayan, Chaya Singh, Ramesh Bhat, Mukhyamantri Chandru, B. Jayashree",
2002,Balarama,,S. Mahendar,"Rockline Venkatesh, Prema, Tara, Avinash, Doddanna",
2002,Banallu Neene Buviyallu Neene,,S. Narayan,"S. Narayan, Shashikumar, Divya Unni, Rekha, Mukhyamantri Chandru",
2002,Boothayyana Makkalu,,G. K. Mudduraj,"Sourav, Chaitra, Ananth Nag, Lokesh, Shruti, Darshan",
2002,Chandu,,V. Arun Prasad,"Sudeep, Sonia Agarwal, Srinath, Avinash, Chitra Shenoy, Lohithaswa",
2002,Chelvi,,Dinesh Gandhi,"B. C. Patil, Prema, Bhavana, Damini, Sunil Ghode",
2002,Cheluve Ondu Heltheeni,,Saigopal,"Sourav, Chaitra, Karibasavaiah",
2002,Commissioner Narasimha,,G K Mudduraj,"Charan Raj, Shwetha, Sridhar",
2002,Daddy No.1,,Akash Babu,"Charan Raj, Mohan Shankar, Vijayalakshmi, Tara",
2002,Dakota Express,,M.S.Rajshekar,"Om Prakash Rao, Amrutha, Rockline Venkatesh, Doddanna, Lokanath",
2002,Devaru Varavanu Kotre,,M. D. Sridhar,"Vasu, Amrutha, Master Anand, Sharan",
2002,Dharma Devathe,,Nagendra Magadi,"Devaraj, Shilpa, Jayanthi, Bank Janardhan",
2002,Dheera,,Om Sai Prakash,"Rockline Venkatesh, Sanghavi, Jayanthi, Mohan Shankar",
2002,Dhruva,,M. S. Ramesh,"Darshan, Sherin, Om Puri, Sadhu Kokila",
2002,Dhumm,,M. S. Ramesh,"Sudeep, Rakshita, Nasser, Srinath, Rangayana Raghu",
2002,Dil,,P N Satya,"Vinod Prabhakar, Sridevi, Avinash",
2002,Dweepa,,Girish Kasaravalli,"Soundarya, Avinash, Vasudeva Rao, Harish Raj",
2002,Ekangi,,V. Ravichandran,"V. Ravichandran, Ramya Krishna, Prakash Raj, Vanitha Vasu, Sridhar",
2002,Friends,,M. D. Sridhar,"Sharan, Vasu, Master Anand, Ruthika",
2002,Galaate Maduve,,B. Ramamurthy,"Shashikumar, Deepthi, Tara, Sihi Kahi Chandru",
2002,H2O,,"Lokanath
 Rajaram","Upendra, Prabhu Deva, Priyanka Trivedi, Babu Mohan, Bank Janardhan",
2002,Hatthoora Odeya,,B. C. Patil,"B. C. Patil, Sanghavi, Damini, Karibasavaiah",
2002,Hollywood,,Dinesh Baboo,"Upendra, Felicity Mason, Ananth Nag",
2002,Jamindaru,,S. Narayan,"Vishnuvardhan, Prema, Raasi, Anu Prabhakar, Doddanna",
2002,Joot,,S. Govind,"Saurav, Monika, Dhruv Sharma, Vanitha Vasu, B. V. Radha",
2002,Kambalahalli,,Senthil Nathan,"Devaraj, Prema, Radhika Chaudhari, Yogeshwar, Balaraj",
2002,Karmugilu,,Venkatesh Prasad,"Avinash, Tara, Ushakiran",
2002,Kitty,,G. K. Mudduraj,"Darshan, Navya, Bhavya, Avinash",
2002,Kodanda Rama,,V. Ravichandran,"V. Ravichandran, Shivarajkumar, Sakshi Shivanand, Asha Saini, Mohan Shankar",
2002,Kogile O Kogile,,Vijay Venkatesh,"Balaraj, Ramya, Srividya, Bank Janardhan",
2002,Kullara Loka,,Sharan Davangere,"Vinod Alva, Niharika, Vasudev Shanbag",
2002,Law and Order,,Shivamani,"Sai Kumar, Sharath Babu, Ashish Vidyarthi, Prathima Devi, Sadhu Kokila",
2002,Love You,,Shivamani,"Shivamani, Chandini, Damini, Rami Reddy, Nirmal Pandey",
2002,Majestic,,P. N. Satya,"Darshan, Rekha, Jai Jagadish, Vanita Vasu",
2002,Make Up,,Singeetham Srinivasa Rao,"Jaggesh, Laila Patel, Shakti Kapoor, Komal Kumar, Mimicry Dayanand",
2002,Manasella Neene,,Mugur Sundar,"Nagendra Prasad, Gayathri Raguram, Prabhu Deva, Karibasavaiah, M. Sundaram, Raju Sundaram, Ananth Nag",
2002,Manase O Manase,,M.S.Rajshekar,"Ramkumar, Shruti, Ananth Nag",
2002,Marma,,Sunil Kumar Desai,"Anand, Prema, Arun Sagar",
2002,Mutthu,,H. Vasu,"Ramesh Aravind, Ambarish, Prema, Shruti, Kumar Govind",
2002,Naanu Naane,,D. Rajendra Babu,"Upendra, Sakshi Shivanand, Ananth Nag, Pavitra Lokesh, Sadhu Kokila",
2002,Nagarahavu,,Murali Mohan,"Upendra, Jyothika, Rockline Venkatesh, Sadhu Kokila",
2002,Nammoora Yejamana,,K. Venkatsamy,"Charan Raj, Mohan Shankar, Shobharaj",
2002,Nandhi,,D. Rajendra Babu,"Sudeep, Sindhu Menon, Radhika Chaudhari, Ambika, Ashish Vidyarthi",
2002,Nata,,Sudharshan,"Tarakesh Patel, Rashmi, K. S. Ashwath",
2002,Neela Megha Shyama,,Raj Kishore,"Ravishankar, Radhika, Srujan Lokesh",
2002,Ninagagi,,S. Mahendar,"Vijay Raghavendra, Radhika, Tara, Ramakrishna",
2002,Ninagoskara,,Yogesh Hunsur,"Darshan, Ruchita Prasad, Naveen Mayur, Bhavna Pani",
2002,Ninne Preethisuve,,Om Prakash Rao,"Shivarajkumar, Ramesh Aravind, Raasi, Sharan, Lokesh",[13]
2002,Olu Sir Bari Olu,,Nagendra Magadi,"Ramesh Aravind, Mohan Shankar, Anu Prabhakar, Ruchita Prasad, Balaraj",
2002,One Two Three,,Subaash,"Prabhu Deva, Jyothika, Nagendra Prasad, Raju Sundaram",
2002,Parva,,Sunil Kumar Desai,"Vishnuvardhan, Roja, Prema, Radharavi, Rekha",
2002,Police Officers,,Anand P Raju,"Thriller Manju, Charan Raj, Madan Mallu, Shailaja Somashekar",
2002,Preethi Mado Hudugarigella,,B. C. Ranga,"V. Ravichandran, Naveen Mayur, Rajani, Sripriya",
2002,Prema,,Suresh Raj,"Prema, Vijaykumar, Lakshmi",
2002,Prema Khaidi,,Naganna,"Vijay Raghavendra, Radhika, Doddanna, Sadhu Kokila",Hamsalekha's 250th film [14]
2002,Punjabi House,,V. R. Bhaskar,"Ramkumar, Vinod Alva, Damini, Shwetha",
2002,Putti,,B. R. Keshav,"Abhijeeth, Karibasavaiah, Vasudeva Rao, Deepa",
2002,Roja,,H. Vasu,"Alankar, Urmila Shrivastav, Abhijeeth",[15]
2002,Romeo Juliet,,Guna Kumar,"Vijay Raghavendra, Radhika, Ritu Singh, Doddanna",
2002,Saadhu,,Thriller Manju,"Thriller Manju, Sridevi, Rami Reddy",[16]
2002,Sainika,,Mahesh Sukhadhare,"Yogeshwar, Sakshi Shivanand, Radhika Verma, Doddanna, Ashish Vidyarthi",
2002,Simhadriya Simha,,S. Narayan,"Vishnuvardhan, Bhanupriya, Meena, Ruchita Prasad, Mukhyamantri Chandru, Ramesh Bhat, Abhijeeth, Umashree",
2002,Sri Krishna Sandhana,,Annayya,"Venkatadri, Tara, Doddanna",Remake of Tamil film Ratha Kanneer
2002,Super Police,,H S Rajashekar,"Sai Kumar, Bhavana, Tennis Krishna",
2002,Super Star,,Nagathihalli Chandrashekar,"Upendra, Keerthi Reddy, V. Manohar",[17]
2002,Surya IPS,,B. C. Patil,"B. C. Patil, Usha Kiran, Keerthi Raj",
2002,Tapori,,B. Suresh,"Alankar, Anitha, Prema",
2002,Thavarige Baa Thangi,,Om Sai Prakash,"Shivarajkumar, Radhika, Anu Prabhakar, Komal Kumar",[18]
2002,Thuntata,,Indrajit Lankesh,"Aniruddh, Chaya Singh, Rekha Vedavyas, Umashree, Komal Kumar, Sudeep",[19]
2002,Vamshakobba,,Balaji Singh Babu,"Jaggesh, Sujitha, Manichandana, Mukhyamantri Chandru",
2001,Amma,,D. Rajendra Babu,"Ananth Nag, Lakshmi, Jai Jagadish",
2001,Amma Nagamma,,C. H. Balaji Singh Babu,"Charan Raj, Damini, Ragasudha, Kumar Govind",
2001,Amma Ninna Tholinalli,,Naganna,"Ramesh Aravind, Shruti, Preethi, Bhavya, Avinash",
2001,Anjali Geethanjali,,S. Narayan,"S. Narayan, Anu Prabhakar, Prema, K. S. Ashwath",
2001,Asura,,S. Mahendar,"Shivarajkumar, Damini, Ananth Nag, Raghuvaran, Doddanna",
2001,Aunty Preethse,,H. Vasu,"Ananth Nag, Kushboo, Ramkumar, Anu Prabhakar, Balaraj, Master Anand",
2001,Baanallu Neene Bhuviyallu Neene,,S. Narayan,"S. Narayan, Shashikumar, Divya Unni, Rekha Vedavyas",
2001,Baava Baamaida,,Kishore Sarja,"Shivarajkumar, Rambha, Vinaya Prasad, Prakash Raj",
2001,Bahala Chennagide,,M.S.Rajshekar,"Shivarajkumar, Jaya Seal, Ruchita Prasad, Shashikumar",
2001,Chandana Chiguru,,Rehman Pasha,"Kumar Govind, Sudharani, H. G. Dattatreya, B. V. Radha",
2001,Chithra,,Dinesh Baboo,"Nagendra Prasad, Rekha Vedavyas, Ananth Nag",
2001,Chitte,,Dinesh Baboo,"Aniruddh, Chaya Singh, Ananth Nag, Dwarakish, Damini",
2001,Diggajaru,,D. Rajendra Babu,"Vishnuvardhan, Ambarish, Tara, Sanghavi, Lakshmi, Mansoor Ali Khan",
2001,Ellara Mane Dosenu,,H. S. Prakash,"Ramkumar, Shruti, Mohan, Bhavana, Kashi, Suhasini, Darshan Thoogudeep, Srinivasa Murthy",
2001,Gatti Mela,,S. Mahendar,"S. Mahendar, Shruti, Abhishek, Sharan, Bhavana, Doddanna",
2001,Grama Devathe,,Om Sai Prakash,"Sai Kumar, Prema, Meena, Sridhar, Roja",
2001,Haalu Sakkare,,Yogish Hunsur,"Devaraj, Shashikumar, Jaggesh, S. Narayan, Suhasini, Archana, Damini",
2001,Hoo Anthiya Uhoo Anthiya,,Praveen Kumar,"Ramesh Aravind, Isha Koppikar, Anu Prabhakar",
2001,Huchha,,Om Prakash Rao,"Sudeep, Rekha Vedavyas, Bhavya, Avinash",
2001,Jenu Goodu,,S. Umesh,"Devaraj, Kumar Govind, Shruti, Sithara, Umashree, Karibasavaiah",
2001,Jipuna Nanna Ganda,,J. G. Krishna,"Jaggesh, Ravali, Umashree, Komal Kumar",
2001,Jithendra,,Vishwanath,"Jaggesh, Swarna, Shilpi, Deepa, Ramesh Bhat",
2001,Jodi,,Kishore Sarja,"Shivarajkumar, Jaggesh, Poonam, Doddanna, Mukhyamantri Chandru",
2001,Kalla Police,,,"Rajendra, Ruchita Prasad, Doddanna",
2001,Kanasugara,,Karan,"V. Ravichandran, Prema, Mandya Ramesh, Shashikumar, Doddanna, Srinath",
2001,Kanoonu,,J G Krishna,"Devaraj, Charan Raj, B. C. Patil, Jayanthi, Anusha, Swarna",
2001,Kothigalu Saar Kothigalu,,Rajendra Singh Babu,"Ramesh Aravind, S. Narayan, Mohan Shankar, Urvashi, Tara, Prema",
2001,Kotigobba,,Naganna,"Vishnuvardhan, Priyanka Trivedi, Ashish Vidyarthi, Devaraj, Abhijeeth, Ramesh Bhat",
2001,Kurigalu Saar Kurigalu,,Rajendra Singh Babu,"Ramesh Aravind, S. Narayan, Mohan Shankar, Ruchita Prasad, Bhavana, Ananth Nag, Umashree",
2001,Lankesha,,B. C. Patil,"B. C. Patil, Bhavana, Sheetal, Rami Reddy",
2001,Maduve Aagona Baa,,V. S. Reddy,"Shivarajkumar, Laya, Shilpi, Sadhu Kokila, Sharan",
2001,Mafia,,Anand P Raju,"Vinod Alva, Thriller Manju, Charan Raj, Abhijeeth, Ragasudha, Srilalitha",
2001,Mahalakshmi,,Karthik Raghunath,"Ramesh Aravind, Kumar Govind, Shruti, Srinivasa Murthy",
2001,Majnu,,Dwarakish,"Giri Dwarakish, Raga, Prakash Rai, Sharath Babu",
2001,Mathadana,,T. N. Seetharam,"Ananth Nag, Tara, Devaraj, Avinash",
2001,Maya Jinke,,G K Purushottam,"Shobharaj, Soujanya Hegde, Bank Janardhan",
2001,Mr. Harishchandra,,R. C. Ranga,"S. Narayan, Anu Prabhakar, Mohan Shankar, Darshan, Daamini",
2001,Mysore Huli,,Tiger Prabhakar,"Tiger Prabhakar, Ragasudha, Joe Simon, Sathyajith",
2001,Namma Samsara Ananda Sagara,,J G Krishna,"Shashikumar, Kumar Govind, Vinod Raj, Shwetha, Tara, Umashree, Archana",
2001,Nanna Preethiya Hudugi,,Nagathihalli Chandrashekar,"Dhyan, Deepali, Bhavya, Suresh Heblikar, Lokesh, Vijayalakshmi Singh",
2001,Narahanthaka,,B R Keshav,"Kumar Govind, Thriller Manju, Anusha, Abhishek",
2001,Neela,,T. S. Nagabharana,"Gayatri Jayaraman, Naveen Mayur, Ananth Nag",
2001,Neelambari,,Surya,"Suman, Ramya Krishna, Prema, Charulatha, Devaraj",
2001,Premakke Sai,,A. Kodandarami Reddy,"V. Ravichandran, Shaheen Khan, Prakash Raj, Kasthuri",
2001,Premi No.1,,Kodlu Ramakrishna,"Ramesh Aravind, Prema, Srinivasa Murthy, Srinath, Karibasavaiah",
2001,Rashtrageethe,,K. V. Raju,"Sai Kumar, Vinod Raj, Bhavana, Manjula Sharma, Swarna",
2001,Rusthum,,Om Sai Prakash,"Jaggesh, Abhijeeth, Swathi, Lokesh, Komal Kumar",
2001,Satyameva Jayathe,,H. Vasu,"Devaraj, Archana, Shobharaj, Mukhyamantri Chandru",
2001,Shaapa,,Ashok Patil,"Ramesh Aravind, Anu Prabhakar, B. C. Patil, K. S. Ashwath, Jai Jagadish",
2001,Shivappa Nayaka,,B. C. Patil,"B. C. Patil, Anu Prabhakar, Yogeshwar, Jayanthi",
2001,Shukradeshe,,Vimal - Kathir,"Jaggesh, Srilakshmi, Komal Kumar, Doddanna, Tennis Krishna",
2001,Sri Manjunatha,,K. Raghavendra Rao,"Arjun Sarja, Soundarya, Chiranjeevi, Meena, Ambarish, Sumalatha, Vinod Raj, Kumar Govind, Abhijeeth, Sudharani, Dwarakish",
2001,Sundara Kanda,,M.S.Rajshekar,"Shivarajkumar, Roja, Sujeetha, Ramesh Bhat, Shivaram",
2001,Supari,,S. S. David,"Charan Raj, Thriller Manju, Shobharaj, Hamsa, Lakshman",
2001,Usire,,A. K. Prabhu,"V. Ravichandran, Rachana Banerjee, Prakash Raj, Doddanna, Sadhu Kokila",
2001,Vaalee,,S. Mahendar,"Sudeep, Poonam, Divyashree, Sadhu Kokila, Bank Janardhan",
2001,Vishalakshmanna Ganda,,Raj Kishore,"S. Narayan, Anu Prabhakar, Pankaj, Doddanna",
2001,Yarige Beda Duddu,,Guruprasad,"Abhijeeth, K. Shivaram, Tennis Krishna, Archana, Akhila",
2001,Yuvaraja,,Puri Jagannadh,"Shivarajkumar, Lisa Ray, Bhavna Pani, Kumar Govind, Avinash",